"DATE";"DEM";"WD";"TEMP"
2007-07-01;590.803564;0.803490711093161;23.1
2007-07-02;738.568372;0.971186094315151;22.65
2007-07-03;774.875745;0.997175004757479;23.275
2007-07-04;783.546441;0.999889850980716;24.375
2007-07-05;771.248135;0.998786053216049;21.675
2007-07-06;773.842848;0.989358955299681;23.7
2007-07-07;674.759259;0.878925102074347;25.9
2007-07-08;604.443592;0.803490711093161;26.575
2007-07-09;761.053642;0.971186094315151;24.025
2007-07-10;764.941916;0.997175004757479;21.6
2007-07-11;774.402573;0.999889850980716;22.6
2007-07-12;785.125839;0.998786053216049;24.375
2007-07-13;790.629511;0.989358955299681;25.1
2007-07-14;687.691067;0.878925102074347;25.975
2007-07-15;605.938209;0.803490711093161;25.3
2007-07-16;758.619579;0.971186094315151;25.05
2007-07-17;784.833481;0.997175004757479;25.2
2007-07-18;789.795799;0.999889850980716;24.6
2007-07-19;785.186073;0.998786053216049;23.55
2007-07-20;763.508571;0.989358955299681;23.35
2007-07-21;654.153016;0.878925102074347;23.45
2007-07-22;578.819318;0.803490711093161;23.575
2007-07-23;739.994018;0.971186094315151;24.4
2007-07-24;763.399345;0.997175004757479;23.75
2007-07-25;770.266486;0.999889850980716;24.75
2007-07-26;788.333134;0.998786053216049;25.775
2007-07-27;789.125738;0.989358955299681;26.375
2007-07-28;687.976038;0.878925102074347;27.5
2007-07-29;617.111933;0.803490711093161;28.125
2007-07-30;770.799735;0.971186094315151;27.625
2007-07-31;788.038991;0.997175004757479;28.025
2007-08-01;785.891886;0.999889850980716;28.575
2007-08-02;775.010299;0.998786053216049;26.05
2007-08-03;769.091164;0.989358955299681;26.95
2007-08-04;686.389569;0.878925102074347;27.275
2007-08-05;612.47625;0.803490711093161;27.6
2007-08-06;711.836659;0.971186094315151;26.7
2007-08-07;705.627266;0.997175004757479;24.375
2007-08-08;690.471297;0.999889850980716;21.725
2007-08-09;694.744628;0.998786053216049;23.3
2007-08-10;692.427217;0.989358955299681;24.075
2007-08-11;630.784345;0.878925102074347;23.9
2007-08-12;566.444854;0.803490711093161;25
2007-08-13;654.212382;0.971186094315151;23.525
2007-08-14;674.150585;0.997175004757479;24.625
2007-08-15;599.258186;0.834464415714144;24.825
2007-08-16;664.086146;0.96795410135572;24.45
2007-08-17;666.349375;0.989358955299681;24.125
2007-08-18;624.160909;0.878925102074347;25.675
2007-08-19;566.929919;0.803490711093161;22.7
2007-08-20;669.766132;0.971186094315151;21.3
2007-08-21;686.13718;0.997175004757479;21.225
2007-08-22;668.869664;0.999889850980716;18.35
2007-08-23;672.296562;0.998786053216049;20.925
2007-08-24;671.261839;0.989358955299681;21.625
2007-08-25;612.705708;0.878925102074347;24.575
2007-08-26;564.169848;0.803490711093161;26.875
2007-08-27;718.782934;0.971186094315151;27.575
2007-08-28;760.45509;0.997175004757479;27.275
2007-08-29;761.006784;0.999889850980716;25.75
2007-08-30;740.450695;0.998786053216049;22.5
2007-08-31;728.041301;0.989358955299681;21.45
2007-09-01;647.963799;0.878925102074347;22.525
2007-09-02;588.340125;0.803490711093161;23.45
2007-09-03;746.831436;0.971186094315151;24.625
2007-09-04;769.915261;0.997175004757479;23.425
2007-09-05;765.586464;0.999889850980716;22.675
2007-09-06;768.571339;0.998786053216049;22.375
2007-09-07;762.250776;0.989358955299681;23.925
2007-09-08;649.624535;0.878925102074347;23.475
2007-09-09;581.709648;0.803490711093161;23.425
2007-09-10;716.559599;0.953563333704678;24.025
2007-09-11;716.151964;0.943827073564979;23.425
2007-09-12;750.752735;0.984253197144856;23.175
2007-09-13;754.834044;0.998786053216049;23
2007-09-14;743.007866;0.989358955299681;22.275
2007-09-15;637.578683;0.878925102074347;22.475
2007-09-16;572.41407;0.803490711093161;22.95
2007-09-17;733.599008;0.971186094315151;22.65
2007-09-18;748.699295;0.997175004757479;22.225
2007-09-19;738.750703;0.999889850980716;21.725
2007-09-20;746.78646;0.998786053216049;21.45
2007-09-21;738.619861;0.989358955299681;22.3
2007-09-22;632.625711;0.878925102074347;21.875
2007-09-23;561.817424;0.803490711093161;22.675
2007-09-24;705.558564;0.971186094315151;21.5
2007-09-25;739.005637;0.997175004757479;20.85
2007-09-26;727.356476;0.999889850980716;18.725
2007-09-27;717.359798;0.998786053216049;16.125
2007-09-28;711.19879;0.989358955299681;14.925
2007-09-29;625.981407;0.878925102074347;18.675
2007-09-30;561.836352;0.803490711093161;19.55
2007-10-01;714.486891;0.971186094315151;20.55
2007-10-02;735.624052;0.997175004757479;20.45
2007-10-03;738.827622;0.999889850980716;20.25
2007-10-04;732.442376;0.998786053216049;19.8
2007-10-05;721.259002;0.989358955299681;19.325
2007-10-06;627.139671;0.878925102074347;19.175
2007-10-07;560.679854;0.803490711093161;19.575
2007-10-08;699.746667;0.971186094315151;20.55
2007-10-09;705.794628;0.997175004757479;18.7
2007-10-10;723.767832;0.999889850980716;17.65
2007-10-11;708.33366;0.998786053216049;15.75
2007-10-12;577.616258;0.834464415714144;17.55
2007-10-13;579.51243;0.834962556516401;16.275
2007-10-14;543.077556;0.803490711093161;16.5
2007-10-15;694.664848;0.971186094315151;16.225
2007-10-16;717.359589;0.997175004757479;17.5
2007-10-17;720.221067;0.999889850980716;17.675
2007-10-18;719.167296;0.998786053216049;18.025
2007-10-19;715.822603;0.989358955299681;16.2
2007-10-20;623.100316;0.878925102074347;16.275
2007-10-21;554.566631;0.803490711093161;14.275
2007-10-22;697.994897;0.971186094315151;14.125
2007-10-23;725.781003;0.997175004757479;16.125
2007-10-24;731.657502;0.999889850980716;14.7
2007-10-25;732.958037;0.998786053216049;13.625
2007-10-26;729.16692;0.989358955299681;12.025
2007-10-27;645.809377;0.878925102074347;12.575
2007-10-28;606.47699;0.803490711093161;14.65
2007-10-29;727.324303;0.971186094315151;14.625
2007-10-30;744.124767;0.997175004757479;14.2
2007-10-31;739.861641;0.999889850980716;13.325
2007-11-01;616.993614;0.834464415714144;13.35
2007-11-02;669.244664;0.904063215860195;12.775
2007-11-03;636.819034;0.878925102074347;12.6
2007-11-04;588.650305;0.803490711093161;12.775
2007-11-05;734.355241;0.971186094315151;13.1
2007-11-06;758.015164;0.997175004757479;13.5
2007-11-07;757.849453;0.999889850980716;12.4
2007-11-08;759.739061;0.998786053216049;11.725
2007-11-09;754.042765;0.989358955299681;11.7
2007-11-10;671.053713;0.878925102074347;11.425
2007-11-11;608.455011;0.803490711093161;10.475
2007-11-12;758.971735;0.971186094315151;11.525
2007-11-13;780.84977;0.997175004757479;13.45
2007-11-14;787.22251;0.999889850980716;9.4
2007-11-15;799.040648;0.998786053216049;10.55
2007-11-16;810.433735;0.989358955299681;6.225
2007-11-17;726.373368;0.878925102074347;4.875
2007-11-18;662.923995;0.803490711093161;5.525
2007-11-19;810.825155;0.971186094315151;5.275
2007-11-20;826.956283;0.997175004757479;11.45
2007-11-21;806.199287;0.999889850980716;12.95
2007-11-22;808.855467;0.998786053216049;10.475
2007-11-23;806.426729;0.989358955299681;10.375
2007-11-24;726.639631;0.878925102074347;8.85
2007-11-25;665.094376;0.803490711093161;8.35
2007-11-26;811.021848;0.971186094315151;9.925
2007-11-27;827.626644;0.997175004757479;9.45
2007-11-28;833.366113;0.999889850980716;8.275
2007-11-29;835.559183;0.998786053216049;7.45
2007-11-30;827.693297;0.989358955299681;7.825
2007-12-01;738.621885;0.878925102074347;7.825
2007-12-02;673.716248;0.803490711093161;9.55
2007-12-03;809.489658;0.971186094315151;11.2
2007-12-04;815.234455;0.997175004757479;10.875
2007-12-05;813.409858;0.999889850980716;10.05
2007-12-06;694.398482;0.834464415714144;10.025
2007-12-07;740.264804;0.904063215860195;8.25
2007-12-08;677.963836;0.834484356370163;8.825
2007-12-09;648.982482;0.803490711093161;12.425
2007-12-10;803.366603;0.971186094315151;10.75
2007-12-11;835.777901;0.997175004757479;8.775
2007-12-12;855.521276;0.999889850980716;6.375
2007-12-13;864.638098;0.998786053216049;6
2007-12-14;870.463104;0.989358955299681;4.375
2007-12-15;776.64738;0.878925102074347;3.525
2007-12-16;727.29501;0.803490711093161;4.625
2007-12-17;890.73351;0.971186094315151;2.825
2007-12-18;906.381252;0.997175004757479;5.325
2007-12-19;889.726009;0.999889850980716;8.525
2007-12-20;872.672872;0.998786053216049;7.75
2007-12-21;826.526197;0.956713241819361;9.925
2007-12-22;729.743701;0.844369947371002;9.7
2007-12-23;668.238527;0.766338291822329;11.075
2007-12-24;659.892091;0.804510430966617;8.525
2007-12-25;581.183638;0.69421396287997;6.8
2007-12-26;702.247525;0.81919832081897;8.65
2007-12-27;750.398389;0.892427326562122;7.325
2007-12-28;756.097256;0.892427326562122;6.175
2007-12-29;714.863632;0.824280198511644;5.5
2007-12-30;663.344069;0.766338291822329;7.025
2007-12-31;680.564746;0.807356947588185;5.5
2008-01-01;610.996145;0.702247999965796;6.25
2008-01-02;802.988912;0.882244229005158;6.05
2008-01-03;840.541091;0.956713241819361;7.175
2008-01-04;820.588733;0.956713241819361;8.3
2008-01-05;733.258258;0.83763185987894;9.5
2008-01-06;643.381083;0.765000414211087;11.25
2008-01-07;738.491575;0.934773704369765;11.925
2008-01-08;830.854825;0.997175004757479;8.45
2008-01-09;833.573802;0.999889850980716;10.9
2008-01-10;827.78774;0.998786053216049;12.2
2008-01-11;831.095495;0.989358955299681;10.65
2008-01-12;740.621022;0.878925102074347;8.55
2008-01-13;690.346839;0.803490711093161;6.175
2008-01-14;838.850399;0.971186094315151;8.25
2008-01-15;859.448083;0.997175004757479;6.875
2008-01-16;849.132256;0.999889850980716;11.85
2008-01-17;838.950928;0.998786053216049;9.25
2008-01-18;820.418215;0.989358955299681;11.35
2008-01-19;720.553491;0.878925102074347;11.6
2008-01-20;655.631169;0.803490711093161;11.05
2008-01-21;805.352893;0.971186094315151;9.4
2008-01-22;819.281517;0.997175004757479;10.325
2008-01-23;816.425493;0.999889850980716;10.35
2008-01-24;825.404614;0.998786053216049;9.85
2008-01-25;820.436154;0.989358955299681;9.6
2008-01-26;729.94205;0.878925102074347;8.5
2008-01-27;665.500916;0.803490711093161;9.225
2008-01-28;810.38804;0.971186094315151;10.675
2008-01-29;830.442542;0.997175004757479;8.775
2008-01-30;842.928173;0.999889850980716;8.225
2008-01-31;843.244194;0.998786053216049;8.675
2008-02-01;846.22281;0.989358955299681;5.975
2008-02-02;746.706256;0.878925102074347;7.775
2008-02-03;685.422225;0.803490711093161;7.7
2008-02-04;811.786483;0.971186094315151;11.15
2008-02-05;821.309291;0.997175004757479;7.7
2008-02-06;820.216029;0.999889850980716;10.025
2008-02-07;815.581729;0.998786053216049;10.375
2008-02-08;806.226595;0.989358955299681;9.85
2008-02-09;714.544244;0.878925102074347;9.075
2008-02-10;652.193395;0.803490711093161;8.025
2008-02-11;806.059376;0.971186094315151;7.8
2008-02-12;827.637602;0.997175004757479;7.025
2008-02-13;837.870902;0.999889850980716;7.175
2008-02-14;835.658089;0.998786053216049;9.175
2008-02-15;817.489798;0.989358955299681;10.2
2008-02-16;721.670898;0.878925102074347;9.15
2008-02-17;669.54074;0.803490711093161;8.6
2008-02-18;818.392789;0.971186094315151;8.675
2008-02-19;828.638786;0.997175004757479;10.95
2008-02-20;810.69529;0.999889850980716;10.75
2008-02-21;795.508199;0.998786053216049;12.25
2008-02-22;784.899597;0.989358955299681;12.9
2008-02-23;694.432318;0.878925102074347;11.3
2008-02-24;644.277633;0.803490711093161;9.675
2008-02-25;772.279365;0.971186094315151;12.375
2008-02-26;780.989438;0.997175004757479;11.85
2008-02-27;776.841679;0.999889850980716;12.025
2008-02-28;764.979816;0.998786053216049;13
2008-02-29;758.119412;0.989358955299681;13.45
2008-03-01;673.566768;0.878925102074347;13.55
2008-03-02;606.74881;0.803490711093161;13.5
2008-03-03;749.823835;0.971186094315151;12.9
2008-03-04;787.71184;0.997175004757479;10.65
2008-03-05;812.343783;0.999889850980716;7.075
2008-03-06;826.78766;0.998786053216049;7.325
2008-03-07;819.951089;0.989358955299681;9.05
2008-03-08;714.326166;0.878925102074347;9.75
2008-03-09;639.786175;0.803490711093161;10.225
2008-03-10;812.68395;0.971186094315151;9.65
2008-03-11;793.169424;0.997175004757479;14.95
2008-03-12;776.732184;0.999889850980716;13.95
2008-03-13;769.697227;0.998786053216049;12.875
2008-03-14;758.975795;0.989358955299681;12.875
2008-03-15;676.979832;0.878925102074347;13.525
2008-03-16;606.364693;0.803490711093161;12.6
2008-03-17;717.394696;0.983672355785803;12.4
2008-03-18;732.727068;1.01127146561137;11.525
2008-03-19;691.937581;1;9.775
2008-03-20;640.509578;0.871334047527749;8.825
2008-03-21;591.752636;0.800963015763219;10.225
2008-03-22;632.484649;0.83430320761131;12.975
2008-03-23;609.635236;0.781447890411771;7.15
2008-03-24;686.014803;0.873115696668883;10.675
2008-03-25;768.491952;0.997175004757479;11.975
2008-03-26;794.450684;0.999889850980716;11.9
2008-03-27;803.246448;0.998786053216049;12.375
2008-03-28;772.445928;0.989358955299681;12.75
2008-03-29;680.673281;0.878925102074347;14.1
2008-03-30;589.469385;0.803490711093161;13.55
2008-03-31;743.447516;0.971186094315151;11.725
2008-04-01;772.119536;0.997175004757479;13.225
2008-04-02;764.32685;0.999889850980716;14.65
2008-04-03;749.791089;0.998786053216049;16.075
2008-04-04;743.2273;0.989358955299681;14.175
2008-04-05;651.53351;0.878925102074347;14.175
2008-04-06;589.956063;0.803490711093161;14.775
2008-04-07;743.517872;0.971186094315151;13.775
2008-04-08;767.54148;0.997175004757479;13.35
2008-04-09;765.607785;0.999889850980716;15.575
2008-04-10;759.673854;0.998786053216049;15.85
2008-04-11;759.351371;0.989358955299681;12.775
2008-04-12;659.197968;0.878925102074347;10.65
2008-04-13;599.6758;0.803490711093161;11.375
2008-04-14;735.092844;0.971186094315151;11.85
2008-04-15;752.915857;0.997175004757479;12.075
2008-04-16;749.841573;0.999889850980716;13.875
2008-04-17;759.820506;0.998786053216049;13.275
2008-04-18;758.503426;0.989358955299681;12.5
2008-04-19;671.021617;0.878925102074347;12.6
2008-04-20;607.960618;0.803490711093161;13.125
2008-04-21;745.205656;0.971186094315151;14.225
2008-04-22;751.498834;0.997175004757479;14.5
2008-04-23;725.276116;0.999889850980716;14.925
2008-04-24;731.647188;0.998786053216049;16.125
2008-04-25;727.367921;0.989358955299681;17.425
2008-04-26;637.778459;0.878925102074347;17.775
2008-04-27;570.389832;0.803490711093161;17.75
2008-04-28;708.808527;0.971186094315151;17.225
2008-04-29;721.872903;0.997175004757479;13.9
2008-04-30;717.195942;0.999889850980716;15.925
2008-05-01;558.707661;0.834464415714144;14.5
2008-05-02;606.102611;0.904063215860195;16.225
2008-05-03;604.751521;0.878925102074347;18.075
2008-05-04;563.614794;0.803490711093161;18.525
2008-05-05;708.498019;0.971186094315151;19.625
2008-05-06;735.783436;0.997175004757479;19.875
2008-05-07;736.299346;0.999889850980716;18.725
2008-05-08;733.749248;0.998786053216049;15.85
2008-05-09;726.00611;0.989358955299681;15.075
2008-05-10;634.153668;0.878925102074347;13.05
2008-05-11;564.444716;0.803490711093161;15.675
2008-05-12;683.604664;0.971186094315151;15.725
2008-05-13;717.985678;0.997175004757479;16.225
2008-05-14;726.067165;0.999889850980716;16.275
2008-05-15;705.443183;0.998786053216049;17.45
2008-05-16;716.316181;0.989358955299681;17.425
2008-05-17;622.948249;0.878925102074347;16.575
2008-05-18;564.647159;0.803490711093161;16.025
2008-05-19;703.202162;0.971186094315151;14.875
2008-05-20;715.321294;0.997175004757479;16.85
2008-05-21;723.943971;0.999889850980716;17.075
2008-05-22;720.046068;0.998786053216049;18.1
2008-05-23;726.868217;0.989358955299681;17.1
2008-05-24;627.096698;0.878925102074347;16.875
2008-05-25;573.017333;0.803490711093161;15.125
2008-05-26;705.324115;0.971186094315151;15.975
2008-05-27;727.814079;0.997175004757479;15.575
2008-05-28;725.042281;0.999889850980716;15.35
2008-05-29;726.085744;0.998786053216049;17.35
2008-05-30;717.619855;0.989358955299681;17.7
2008-05-31;628.916107;0.878925102074347;17.475
2008-06-01;566.339265;0.803490711093161;16.425
2008-06-02;703.332258;0.971186094315151;18.125
2008-06-03;723.409371;0.997175004757479;18.325
2008-06-04;727.143753;0.999889850980716;18.775
2008-06-05;732.821971;0.998786053216049;19.325
2008-06-06;723.221115;0.989358955299681;17.975
2008-06-07;631.285031;0.834484356370163;18.05
2008-06-08;571.677368;0.803490711093161;17.1
2008-06-09;690.726017;0.971186094315151;16.8
2008-06-10;705.20412;0.997175004757479;17.8
2008-06-11;696.047035;0.999889850980716;18.1
2008-06-12;690.257158;0.998786053216049;20.275
2008-06-13;693.707569;0.989358955299681;19.8
2008-06-14;610.818483;0.878925102074347;20.525
2008-06-15;555.635944;0.803490711093161;20
2008-06-16;700.253843;0.971186094315151;20.45
2008-06-17;721.570076;0.997175004757479;20.25
2008-06-18;740.84153;0.999889850980716;20.85
2008-06-19;755.088911;0.998786053216049;22.675
2008-06-20;761.909663;0.989358955299681;23.725
2008-06-21;675.534677;0.878925102074347;25.45
2008-06-22;606.277535;0.803490711093161;26.2
2008-06-23;736.850699;0.953563333704678;25.25
2008-06-24;729.139208;0.943827073564979;24.425
2008-06-25;796.774299;0.984253197144856;25.05
2008-06-26;815.652488;0.998786053216049;26.925
2008-06-27;811.149661;0.989358955299681;26.2
2008-06-28;715.46953;0.878925102074347;25.85
2008-06-29;647.57243;0.803490711093161;27.125
2008-06-30;804.301381;0.971186094315151;27
2008-07-01;818.597595;0.997175004757479;26.3
2008-07-02;813.052477;0.999889850980716;24.4
2008-07-03;787.535124;0.998786053216049;23.325
2008-07-04;784.743995;0.989358955299681;22.625
2008-07-05;697.449416;0.878925102074347;25.2
2008-07-06;620.983923;0.803490711093161;25.55
2008-07-07;749.064749;0.971186094315151;22.675
2008-07-08;775.649872;0.997175004757479;22.675
2008-07-09;795.469535;0.999889850980716;25.025
2008-07-10;804.391123;0.998786053216049;25
2008-07-11;798.070479;0.989358955299681;24.925
2008-07-12;677.846702;0.878925102074347;23.525
2008-07-13;581.203718;0.803490711093161;21.075
2008-07-14;735.655152;0.971186094315151;22.525
2008-07-15;765.072063;0.997175004757479;24.05
2008-07-16;763.649138;0.999889850980716;23.575
2008-07-17;770.400219;0.998786053216049;25.075
2008-07-18;781.088144;0.989358955299681;26.05
2008-07-19;693.725648;0.878925102074347;27.275
2008-07-20;620.731144;0.803490711093161;27.075
2008-07-21;777.406551;0.971186094315151;27.025
2008-07-22;791.242173;0.997175004757479;25
2008-07-23;804.910958;0.999889850980716;26.4
2008-07-24;794.51959;0.998786053216049;26.45
2008-07-25;734.527273;0.946364794562002;24.85
2008-07-26;682.263506;0.855022356359561;26.4
2008-07-27;619.734873;0.803490711093161;25.975
2008-07-28;776.066962;0.971186094315151;26.15
2008-07-29;786.583156;0.997175004757479;25.9
2008-07-30;788.664402;0.999889850980716;25.8
2008-07-31;783.204917;0.998786053216049;25.7
2008-08-01;779.364008;0.989358955299681;26.25
2008-08-02;684.072254;0.878925102074347;26.95
2008-08-03;632.716714;0.803490711093161;28.2
2008-08-04;774.345579;0.971186094315151;28.55
2008-08-05;792.930161;0.997175004757479;29.1
2008-08-06;786.390866;0.999889850980716;28.15
2008-08-07;768.743116;0.998786053216049;27.275
2008-08-08;746.562122;0.989358955299681;26.1
2008-08-09;668.737715;0.878925102074347;25.6
2008-08-10;612.337891;0.803490711093161;27.125
2008-08-11;728.898889;0.971186094315151;27
2008-08-12;736.643568;0.997175004757479;26.65
2008-08-13;716.310311;0.999889850980716;24.375
2008-08-14;705.227172;0.998786053216049;23.375
2008-08-15;589.069822;0.834464415714144;22.725
2008-08-16;600.100293;0.834962556516401;22.475
2008-08-17;565.234331;0.803490711093161;23
2008-08-18;690.008773;0.971186094315151;24.325
2008-08-19;707.738845;0.997175004757479;24.425
2008-08-20;711.703112;0.999889850980716;24.525
2008-08-21;722.063923;0.998786053216049;24.975
2008-08-22;726.765028;0.989358955299681;26.3
2008-08-23;637.86459;0.878925102074347;23.7
2008-08-24;582.18475;0.803490711093161;24.775
2008-08-25;717.523479;0.971186094315151;24.45
2008-08-26;747.458663;0.997175004757479;25.725
2008-08-27;761.028063;0.999889850980716;26.125
2008-08-28;760.607319;0.998786053216049;25.675
2008-08-29;754.611234;0.989358955299681;26.3
2008-08-30;656.962853;0.878925102074347;24.725
2008-08-31;595.66393;0.803490711093161;23.9
2008-09-01;751.096589;0.971186094315151;24.225
2008-09-02;784.704484;0.997175004757479;24.45
2008-09-03;784.721254;0.999889850980716;24.7
2008-09-04;784.067472;0.998786053216049;24.175
2008-09-05;771.11298;0.989358955299681;22.575
2008-09-06;654.042176;0.878925102074347;23.35
2008-09-07;581.919712;0.803490711093161;20.1
2008-09-08;712.761693;0.971186094315151;22.55
2008-09-09;757.186336;0.997175004757479;24.075
2008-09-10;773.641685;0.999889850980716;24.025
2008-09-11;739.646454;0.943827073564979;23.9
2008-09-12;714.354534;0.960674596661928;19.7
2008-09-13;625.713885;0.878925102074347;19.025
2008-09-14;566.151662;0.803490711093161;19.275
2008-09-15;712.9555;0.971186094315151;20.15
2008-09-16;736.301737;0.997175004757479;21.45
2008-09-17;743.964911;0.999889850980716;21.8
2008-09-18;745.595525;0.998786053216049;22.85
2008-09-19;744.978101;0.989358955299681;22.675
2008-09-20;648.434769;0.878925102074347;21.725
2008-09-21;580.198988;0.803490711093161;20.9
2008-09-22;717.81229;0.971186094315151;18.875
2008-09-23;726.592936;0.997175004757479;20.025
2008-09-24;714.296222;0.999889850980716;17.75
2008-09-25;716.206799;0.998786053216049;18.125
2008-09-26;706.497425;0.989358955299681;17.65
2008-09-27;610.897248;0.878925102074347;18.275
2008-09-28;554.53528;0.803490711093161;17.075
2008-09-29;686.948952;0.971186094315151;17.925
2008-09-30;706.371708;0.997175004757479;18.1
2008-10-01;712.179422;0.999889850980716;17.725
2008-10-02;712.364616;0.998786053216049;18.3
2008-10-03;699.54136;0.989358955299681;16.55
2008-10-04;611.30348;0.878925102074347;12.8
2008-10-05;555.715812;0.803490711093161;14.8
2008-10-06;689.503507;0.971186094315151;16.3
2008-10-07;714.343746;0.997175004757479;16.975
2008-10-08;714.626782;0.999889850980716;16.625
2008-10-09;695.354801;0.998786053216049;15.7
2008-10-10;695.595088;0.989358955299681;19.575
2008-10-11;611.237134;0.878925102074347;19.2
2008-10-12;555.097036;0.803490711093161;19.05
2008-10-13;651.516078;0.971186094315151;20.325
2008-10-14;706.921597;0.997175004757479;20.05
2008-10-15;712.423543;0.999889850980716;19.175
2008-10-16;714.123682;0.998786053216049;18.8
2008-10-17;710.843389;0.989358955299681;19.2
2008-10-18;616.380073;0.878925102074347;16.75
2008-10-19;550.834121;0.803490711093161;18.1
2008-10-20;691.367339;0.971186094315151;19.45
2008-10-21;716.793144;0.997175004757479;18.825
2008-10-22;721.466706;0.999889850980716;14.525
2008-10-23;712.443762;0.998786053216049;13.675
2008-10-24;704.212722;0.989358955299681;14.7
2008-10-25;607.436307;0.878925102074347;16.975
2008-10-26;572.471403;0.803490711093161;16.15
2008-10-27;689.3956;0.971186094315151;16.1
2008-10-28;734.716286;0.997175004757479;13.25
2008-10-29;739.511097;0.999889850980716;8
2008-10-30;758.826194;0.998786053216049;9.025
2008-10-31;752.360916;0.989358955299681;11.625
2008-11-01;625.380423;0.834484356370163;13.2
2008-11-02;602.47798;0.803490711093161;13.15
2008-11-03;741.441834;0.971186094315151;9.25
2008-11-04;766.663669;0.997175004757479;10.55
2008-11-05;764.282531;0.999889850980716;11.775
2008-11-06;760.342313;0.998786053216049;11.175
2008-11-07;754.497599;0.989358955299681;10.15
2008-11-08;658.262256;0.878925102074347;13
2008-11-09;598.17448;0.803490711093161;11.525
2008-11-10;736.337299;0.971186094315151;11.975
2008-11-11;762.277433;0.997175004757479;11.925
2008-11-12;765.252959;0.999889850980716;11.275
2008-11-13;764.086643;0.998786053216049;10.425
2008-11-14;763.226299;0.989358955299681;10.05
2008-11-15;667.360771;0.878925102074347;10.3
2008-11-16;612.870237;0.803490711093161;10.225
2008-11-17;751.816164;0.971186094315151;11.275
2008-11-18;784.150927;0.997175004757479;7.575
2008-11-19;778.156056;0.999889850980716;10.85
2008-11-20;780.017871;0.998786053216049;9.775
2008-11-21;767.285645;0.989358955299681;9.9
2008-11-22;670.17474;0.878925102074347;14.1
2008-11-23;608.4336;0.803490711093161;11.725
2008-11-24;763.557834;0.971186094315151;11.125
2008-11-25;800.177298;0.997175004757479;6.7
2008-11-26;828.30199;0.999889850980716;5.175
2008-11-27;836.960628;0.998786053216049;4.525
2008-11-28;829.567901;0.989358955299681;3.85
2008-11-29;733.86773;0.878925102074347;7.95
2008-11-30;677.114234;0.803490711093161;7.175
2008-12-01;828.57361;0.971186094315151;6.625
2008-12-02;847.076797;0.997175004757479;6.65
2008-12-03;856.850847;0.999889850980716;5.8
2008-12-04;842.461408;0.998786053216049;6.3
2008-12-05;799.01281;0.989358955299681;12.875
2008-12-06;678.761397;0.834484356370163;8.325
2008-12-07;636.041011;0.803490711093161;10.925
2008-12-08;648.007299;0.835822587204205;10.65
2008-12-09;797.207572;0.96795410135572;9.775
2008-12-10;815.67081;0.999889850980716;6.6
2008-12-11;829.362535;0.998786053216049;5.1
2008-12-12;821.749429;0.989358955299681;6.2
2008-12-13;746.131425;0.878925102074347;4.975
2008-12-14;693.354943;0.803490711093161;6.375
2008-12-15;839.677101;0.971186094315151;4.45
2008-12-16;850.058887;0.997175004757479;6.45
2008-12-17;837.705292;0.999889850980716;7.775
2008-12-18;820.843863;0.998786053216049;7.525
2008-12-19;793.329992;0.989358955299681;7.775
2008-12-20;698.916232;0.878925102074347;8.125
2008-12-21;648.765079;0.785042801836945;8.65
2008-12-22;754.435705;0.921602290119303;8.6
2008-12-23;756.720788;0.892427326562122;7.075
2008-12-24;676.302639;0.804510430966617;6.9
2008-12-25;575.468793;0.69421396287997;6.25
2008-12-26;675.574321;0.81919832081897;3.675
2008-12-27;680.257865;0.824280198511644;7.2
2008-12-28;638.322658;0.766338291822329;7.825
2008-12-29;726.123371;0.892861669915169;7.05
2008-12-30;703.656123;0.892427326562122;10.15
2008-12-31;652.220238;0.807356947588185;9.95
2009-01-01;554.814038;0.702247999965796;9.5
2009-01-02;653.539141;0.882244229005158;9.925
2009-01-03;648.164273;0.844369947371002;7.65
2009-01-04;617.087498;0.785042801836945;7.575
2009-01-05;688.757557;0.867439659867297;4.075
2009-01-06;631.021233;0.765000414211087;4.05
2009-01-07;815.769146;0.934773704369765;1.9
2009-01-08;872.762689;0.998786053216049;0.05
2009-01-09;869.083935;0.989358955299681;2.5
2009-01-10;768.07264;0.878925102074347;3.7
2009-01-11;706.16801;0.803490711093161;3.65
2009-01-12;851.663266;0.971186094315151;3.55
2009-01-13;883.005486;0.997175004757479;3.2
2009-01-14;866.916962;0.999889850980716;4.725
2009-01-15;866.88973;0.998786053216049;5.375
2009-01-16;850.995027;0.989358955299681;5.775
2009-01-17;732.979375;0.878925102074347;7
2009-01-18;670.187111;0.803490711093161;5.55
2009-01-19;810.179759;0.971186094315151;9.3
2009-01-20;820.985144;0.997175004757479;7.975
2009-01-21;842.099377;0.999889850980716;5.05
2009-01-22;856.89194;0.998786053216049;7.025
2009-01-23;797.720381;0.989358955299681;12.45
2009-01-24;660.284245;0.878925102074347;12.25
2009-01-25;640.859295;0.803490711093161;8.65
2009-01-26;802.702413;0.971186094315151;7.575
2009-01-27;822.63712;0.997175004757479;9.5
2009-01-28;807.857024;0.999889850980716;10.125
2009-01-29;787.464195;0.998786053216049;11.9
2009-01-30;764.050406;0.989358955299681;11.95
2009-01-31;688.796485;0.878925102074347;10.25
2009-02-01;660.453313;0.803490711093161;6.8
2009-02-02;794.489851;0.971186094315151;7.1
2009-02-03;815.325377;0.997175004757479;7.45
2009-02-04;804.493705;0.999889850980716;8.65
2009-02-05;806.409703;0.998786053216049;8.075
2009-02-06;800.687268;0.989358955299681;7.5
2009-02-07;712.470936;0.878925102074347;6.25
2009-02-08;658.449151;0.803490711093161;6.975
2009-02-09;779.362996;0.971186094315151;10.175
2009-02-10;781.915455;0.997175004757479;12.825
2009-02-11;784.606278;0.999889850980716;8.025
2009-02-12;774.078552;0.998786053216049;7.875
2009-02-13;763.759651;0.989358955299681;7.475
2009-02-14;679.36073;0.878925102074347;8.3
2009-02-15;630.699552;0.803490711093161;7.85
2009-02-16;766.615682;0.971186094315151;7.575
2009-02-17;782.633896;0.997175004757479;8
2009-02-18;777.211496;0.999889850980716;9.5
2009-02-19;768.569764;0.998786053216049;8.95
2009-02-20;764.842233;0.989358955299681;8.025
2009-02-21;672.743971;0.878925102074347;8.675
2009-02-22;611.906441;0.803490711093161;9.725
2009-02-23;733.000901;0.971186094315151;10.725
2009-02-24;741.617976;0.997175004757479;10.3
2009-02-25;743.218477;0.999889850980716;10
2009-02-26;740.039674;0.998786053216049;10.5
2009-02-27;728.529545;0.989358955299681;10.575
2009-02-28;657.493299;0.878925102074347;10.75
2009-03-01;607.318328;0.803490711093161;10.025
2009-03-02;748.091818;0.971186094315151;9.55
2009-03-03;777.060029;0.997175004757479;9.55
2009-03-04;782.621224;0.999889850980716;9.675
2009-03-05;777.450348;0.998786053216049;7.675
2009-03-06;767.311153;0.989358955299681;9.65
2009-03-07;651.09663;0.878925102074347;10.05
2009-03-08;582.402419;0.803490711093161;11.375
2009-03-09;716.40522;0.971186094315151;12.3
2009-03-10;727.901535;0.997175004757479;12.175
2009-03-11;725.662717;0.999889850980716;12.1
2009-03-12;716.913014;0.998786053216049;12.275
2009-03-13;700.217895;0.989358955299681;12.675
2009-03-14;609.586278;0.878925102074347;14.075
2009-03-15;550.149111;0.803490711093161;15.15
2009-03-16;668.891549;0.971186094315151;14.475
2009-03-17;684.7182;0.997175004757479;12.075
2009-03-18;679.165806;0.999889850980716;11.7
2009-03-19;604.80184;0.946364794562002;11.85
2009-03-20;632.452468;0.967081714957129;13.425
2009-03-21;591.267859;0.878925102074347;11.4
2009-03-22;545.070737;0.803490711093161;11.4
2009-03-23;667.331027;0.971186094315151;12.3
2009-03-24;696.464574;0.997175004757479;12.75
2009-03-25;685.872101;0.999889850980716;11.25
2009-03-26;678.51027;0.998786053216049;11.975
2009-03-27;672.331771;0.989358955299681;12.675
2009-03-28;610.774039;0.878925102074347;12.975
2009-03-29;542.042598;0.803490711093161;9.175
2009-03-30;704.539308;0.971186094315151;10.15
2009-03-31;724.180657;0.997175004757479;9.325
2009-04-01;723.603322;0.999889850980716;9.95
2009-04-02;718.480147;0.998786053216049;10.4
2009-04-03;701.00231;0.989358955299681;12.55
2009-04-04;607.113451;0.878925102074347;13.675
2009-04-05;546.294415;0.803490711093161;14.075
2009-04-06;655.147814;0.983672355785803;13.8
2009-04-07;674.592922;1.01127146561137;12.05
2009-04-08;660.945606;1;11.05
2009-04-09;554.687266;0.871334047527749;12.825
2009-04-10;529.24511;0.800963015763219;12.5
2009-04-11;559.441438;0.83430320761131;9.875
2009-04-12;530.600467;0.781447890411771;7.925
2009-04-13;592.759081;0.873115696668883;12.65
2009-04-14;679.990155;0.997175004757479;12.025
2009-04-15;697.275634;0.999889850980716;11.925
2009-04-16;699.765525;0.998786053216049;12.075
2009-04-17;695.440822;0.989358955299681;10.55
2009-04-18;613.584092;0.878925102074347;11.925
2009-04-19;551.563061;0.803490711093161;12.525
2009-04-20;661.394685;0.971186094315151;13.5
2009-04-21;683.797573;0.997175004757479;14.475
2009-04-22;675.235358;0.999889850980716;15.975
2009-04-23;655.016916;0.998786053216049;16.65
2009-04-24;655.758774;0.989358955299681;16.35
2009-04-25;582.618595;0.878925102074347;14.825
2009-04-26;539.618035;0.803490711093161;13.55
2009-04-27;658.537247;0.971186094315151;12.35
2009-04-28;676.522307;0.997175004757479;16.575
2009-04-29;675.944958;0.999889850980716;14.1
2009-04-30;673.240583;0.998786053216049;13.8
2009-05-01;530.373493;0.834464415714144;14.925
2009-05-02;538.207454;0.834962556516401;16.125
2009-05-03;514.575113;0.803490711093161;16.725
2009-05-04;645.306603;0.971186094315151;18.25
2009-05-05;671.483091;0.997175004757479;17.25
2009-05-06;679.046906;0.999889850980716;18.975
2009-05-07;683.099949;0.998786053216049;19.425
2009-05-08;675.921025;0.989358955299681;19.825
2009-05-09;593.372611;0.878925102074347;19.1
2009-05-10;529.604579;0.803490711093161;18.7
2009-05-11;654.639139;0.971186094315151;17.625
2009-05-12;677.005161;0.997175004757479;18.125
2009-05-13;679.285172;0.999889850980716;18.275
2009-05-14;677.140825;0.998786053216049;16.9
2009-05-15;646.95952;0.989358955299681;15.625
2009-05-16;582.244404;0.878925102074347;16.825
2009-05-17;531.701842;0.803490711093161;18.725
2009-05-18;653.472363;0.971186094315151;17.3
2009-05-19;679.653095;0.997175004757479;18.55
2009-05-20;690.068661;0.999889850980716;21.75
2009-05-21;681.332101;0.998786053216049;22.45
2009-05-22;685.357789;0.989358955299681;21.9
2009-05-23;597.194013;0.878925102074347;18.45
2009-05-24;534.808561;0.803490711093161;19.95
2009-05-25;659.447536;0.971186094315151;19.45
2009-05-26;680.87571;0.997175004757479;18.6
2009-05-27;676.859311;0.999889850980716;19.025
2009-05-28;679.629847;0.998786053216049;20.8
2009-05-29;679.064185;0.989358955299681;20.75
2009-05-30;597.850558;0.878925102074347;21.775
2009-05-31;536.942462;0.803490711093161;21.575
2009-06-01;656.614102;0.971186094315151;21.975
2009-06-02;701.123329;0.997175004757479;22.7
2009-06-03;712.400927;0.999889850980716;22.35
2009-06-04;711.72898;0.998786053216049;21.925
2009-06-05;693.530824;0.989358955299681;21.15
2009-06-06;586.294558;0.878925102074347;19.1
2009-06-07;522.797122;0.803490711093161;18.725
2009-06-08;660.441281;0.971186094315151;18.975
2009-06-09;673.575885;0.997175004757479;19.45
2009-06-10;697.67349;0.999889850980716;21.375
2009-06-11;693.25057;0.946364794562002;22.8
2009-06-12;713.943482;0.967081714957129;24.45
2009-06-13;639.459471;0.878925102074347;25.775
2009-06-14;586.069037;0.803490711093161;26.25
2009-06-15;734.718733;0.971186094315151;25.675
2009-06-16;745.468105;0.997175004757479;25.45
2009-06-17;751.308765;0.999889850980716;25.275
2009-06-18;768.109324;0.998786053216049;26.125
2009-06-19;765.544496;0.989358955299681;27.425
2009-06-20;662.726337;0.878925102074347;25.35
2009-06-21;578.888246;0.803490711093161;22.85
2009-06-22;715.218286;0.971186094315151;23.15
2009-06-23;731.652573;0.997175004757479;24.275
2009-06-24;691.021502;0.943827073564979;24
2009-06-25;725.271385;0.984253197144856;23.225
2009-06-26;712.442814;0.989358955299681;22.525
2009-06-27;626.989548;0.878925102074347;23.225
2009-06-28;562.326184;0.803490711093161;23.325
2009-06-29;715.796932;0.971186094315151;25.225
2009-06-30;762.067886;0.997175004757479;26.8
2009-07-01;778.826135;0.999889850980716;28.175
2009-07-02;786.838334;0.998786053216049;27
2009-07-03;780.269154;0.989358955299681;26.925
2009-07-04;677.223139;0.878925102074347;27.1
2009-07-05;611.229349;0.803490711093161;25.95
2009-07-06;745.667096;0.971186094315151;25.825
2009-07-07;749.20753;0.997175004757479;25.075
2009-07-08;738.652896;0.999889850980716;24.85
2009-07-09;739.733103;0.998786053216049;24.175
2009-07-10;737.697505;0.989358955299681;24.875
2009-07-11;650.303285;0.878925102074347;25.525
2009-07-12;593.53185;0.803490711093161;25.575
2009-07-13;754.728131;0.971186094315151;25.75
2009-07-14;766.92534;0.997175004757479;26.125
2009-07-15;760.296664;0.999889850980716;24.95
2009-07-16;765.813777;0.998786053216049;25.55
2009-07-17;743.68647;0.989358955299681;24.85
2009-07-18;624.840468;0.878925102074347;22.05
2009-07-19;566.496764;0.803490711093161;23.95
2009-07-20;729.683519;0.971186094315151;25.05
2009-07-21;770.807281;0.997175004757479;26.625
2009-07-22;775.250707;0.999889850980716;28.325
2009-07-23;774.882582;0.998786053216049;27.725
2009-07-24;761.943018;0.989358955299681;25.95
2009-07-25;654.136935;0.878925102074347;25.675
2009-07-26;602.774862;0.803490711093161;26.725
2009-07-27;752.425581;0.971186094315151;26.475
2009-07-28;765.356169;0.997175004757479;26.05
2009-07-29;770.448278;0.999889850980716;25.8
2009-07-30;769.744051;0.998786053216049;26.5
2009-07-31;747.878565;0.989358955299681;26.875
2009-08-01;652.53767;0.878925102074347;26
2009-08-02;575.157846;0.803490711093161;23.8
2009-08-03;692.306464;0.971186094315151;24.825
2009-08-04;722.377584;0.997175004757479;24.525
2009-08-05;736.539394;0.999889850980716;27.3
2009-08-06;734.137098;0.998786053216049;26.85
2009-08-07;717.274358;0.989358955299681;26.7
2009-08-08;626.820734;0.878925102074347;25.9
2009-08-09;557.85138;0.803490711093161;25.725
2009-08-10;658.814874;0.971186094315151;25.2
2009-08-11;679.225869;0.997175004757479;25.75
2009-08-12;694.731456;0.999889850980716;26.725
2009-08-13;699.944963;0.998786053216049;27.725
2009-08-14;699.661884;0.989358955299681;27.675
2009-08-15;602.949236;0.834484356370163;27.45
2009-08-16;585.471625;0.803490711093161;26.95
2009-08-17;706.098849;0.971186094315151;28.2
2009-08-18;727.781743;0.997175004757479;28.425
2009-08-19;730.653484;0.999889850980716;28.225
2009-08-20;732.132383;0.998786053216049;28.65
2009-08-21;726.969332;0.989358955299681;26.725
2009-08-22;654.109003;0.878925102074347;27.725
2009-08-23;600.311058;0.803490711093161;27.675
2009-08-24;727.00268;0.971186094315151;26.775
2009-08-25;725.728367;0.997175004757479;26.4
2009-08-26;723.319005;0.999889850980716;25.75
2009-08-27;741.056078;0.998786053216049;25.8
2009-08-28;744.344328;0.989358955299681;26.85
2009-08-29;648.301886;0.878925102074347;27.05
2009-08-30;598.269949;0.803490711093161;26.025
2009-08-31;759.642287;0.971186094315151;26.5
2009-09-01;787.601833;0.997175004757479;27.325
2009-09-02;775.341378;0.999889850980716;25.425
2009-09-03;769.479206;0.998786053216049;24.375
2009-09-04;770.014832;0.989358955299681;25.6
2009-09-05;653.223051;0.878925102074347;23.45
2009-09-06;592.081841;0.803490711093161;25
2009-09-07;738.88167;0.971186094315151;24.575
2009-09-08;744.646195;0.997175004757479;24.225
2009-09-09;758.313502;0.999889850980716;24.15
2009-09-10;752.097186;0.998786053216049;24.225
2009-09-11;705.328412;0.943827073564979;24
2009-09-12;630.361436;0.881763743134338;23
2009-09-13;566.136112;0.803490711093161;22.525
2009-09-14;693.281127;0.971186094315151;21.55
2009-09-15;697.658996;0.997175004757479;17.075
2009-09-16;691.608495;0.999889850980716;17.025
2009-09-17;689.266356;0.998786053216049;15.825
2009-09-18;680.56121;0.989358955299681;17.825
2009-09-19;594.407251;0.878925102074347;18.425
2009-09-20;539.187074;0.803490711093161;18.9
2009-09-21;662.307053;0.971186094315151;18.4
2009-09-22;687.731716;0.997175004757479;21.175
2009-09-23;692.574677;0.999889850980716;22.125
2009-09-24;688.034648;0.998786053216049;21.575
2009-09-25;691.296912;0.989358955299681;21.775
2009-09-26;598.685524;0.878925102074347;21.2
2009-09-27;540.070739;0.803490711093161;21.3
2009-09-28;671.181241;0.971186094315151;20
2009-09-29;689.346953;0.997175004757479;20.3
2009-09-30;694.228998;0.999889850980716;20.425
2009-10-01;695.464695;0.998786053216049;21.025
2009-10-02;690.806299;0.989358955299681;20.425
2009-10-03;597.852142;0.878925102074347;19.45
2009-10-04;543.957769;0.803490711093161;19.375
2009-10-05;685.168929;0.971186094315151;20.75
2009-10-06;709.026414;0.997175004757479;21.775
2009-10-07;712.882744;0.999889850980716;21.875
2009-10-08;717.292641;0.998786053216049;21.075
2009-10-09;682.328501;0.989358955299681;20.125
2009-10-10;602.747334;0.878925102074347;20.775
2009-10-11;541.192844;0.803490711093161;20.85
2009-10-12;550.94658;0.835822587204205;20.325
2009-10-13;672.164642;0.96795410135572;19.225
2009-10-14;688.912742;0.999889850980716;18.4
2009-10-15;691.780231;0.998786053216049;17.425
2009-10-16;685.811758;0.989358955299681;13.75
2009-10-17;598.903714;0.878925102074347;13.85
2009-10-18;546.680605;0.803490711093161;13.725
2009-10-19;684.429073;0.971186094315151;12.85
2009-10-20;710.003566;0.997175004757479;17.5
2009-10-21;708.446376;0.999889850980716;16.175
2009-10-22;709.955879;0.998786053216049;13.45
2009-10-23;697.533935;0.989358955299681;14.825
2009-10-24;608.117296;0.878925102074347;16.475
2009-10-25;574.71629;0.803490711093161;18.775
2009-10-26;676.64687;0.971186094315151;19.175
2009-10-27;695.076789;0.997175004757479;17.775
2009-10-28;696.549279;0.999889850980716;18.35
2009-10-29;695.603807;0.998786053216049;18.15
2009-10-30;691.072511;0.989358955299681;18.25
2009-10-31;602.235662;0.878925102074347;17.6
2009-11-01;545.39753;0.803490711093161;18.25
2009-11-02;641.952473;0.971186094315151;18.175
2009-11-03;688.184748;0.997175004757479;15.575
2009-11-04;699.002871;0.999889850980716;15.3
2009-11-05;707.681865;0.998786053216049;13.7
2009-11-06;710.748012;0.989358955299681;12.875
2009-11-07;627.067562;0.878925102074347;14.75
2009-11-08;578.835703;0.803490711093161;12.2
2009-11-09;703.517236;0.971186094315151;11.85
2009-11-10;738.118238;0.997175004757479;10.25
2009-11-11;735.245216;0.999889850980716;12.1
2009-11-12;728.970894;0.998786053216049;12.625
2009-11-13;720.37527;0.989358955299681;13.125
2009-11-14;635.898717;0.878925102074347;14.175
2009-11-15;575.421322;0.803490711093161;15.45
2009-11-16;705.115779;0.971186094315151;15.6
2009-11-17;723.48368;0.997175004757479;13.725
2009-11-18;727.111805;0.999889850980716;15
2009-11-19;731.963852;0.998786053216049;13.925
2009-11-20;721.151855;0.989358955299681;13.025
2009-11-21;632.115579;0.878925102074347;12.725
2009-11-22;579.073427;0.803490711093161;16.125
2009-11-23;714.20428;0.971186094315151;11.375
2009-11-24;738.753103;0.997175004757479;10.925
2009-11-25;750.340695;0.999889850980716;9.475
2009-11-26;750.758376;0.998786053216049;12.4
2009-11-27;741.182665;0.989358955299681;11.425
2009-11-28;660.410157;0.878925102074347;9.45
2009-11-29;620.918629;0.803490711093161;10.325
2009-11-30;765.169155;0.971186094315151;8.65
2009-12-01;789.144409;0.997175004757479;8.675
2009-12-02;782.978017;0.999889850980716;10.3
2009-12-03;771.049256;0.998786053216049;11.525
2009-12-04;764.280219;0.989358955299681;9.25
2009-12-05;682.891099;0.878925102074347;7.725
2009-12-06;629.675886;0.803490711093161;9.85
2009-12-07;668.82743;0.835822587204205;11.8
2009-12-08;633.148857;0.834464415714144;12.55
2009-12-09;754.978045;0.96795410135572;10.35
2009-12-10;771.107819;0.998786053216049;10.775
2009-12-11;770.064915;0.989358955299681;10.225
2009-12-12;694.003086;0.878925102074347;7.9
2009-12-13;662.612282;0.803490711093161;5.05
2009-12-14;826.589175;0.971186094315151;5.025
2009-12-15;851.564831;0.997175004757479;2.825
2009-12-16;876.572045;0.999889850980716;1.525
2009-12-17;847.073277;0.998786053216049;5.425
2009-12-18;844.964885;0.989358955299681;2.6
2009-12-19;750.502787;0.878925102074347;2.575
2009-12-20;713.099659;0.803490711093161;0.5
2009-12-21;855.03749;0.921602290119303;0.85
2009-12-22;822.455809;0.956713241819361;6.65
2009-12-23;780.74782;0.892427326562122;10.525
2009-12-24;661.223655;0.804510430966617;11.825
2009-12-25;557.581238;0.69421396287997;9.55
2009-12-26;614.429855;0.737452569030994;8.5
2009-12-27;607.92329;0.766338291822329;7.25
2009-12-28;718.349368;0.892861669915169;8.225
2009-12-29;693.780398;0.892427326562122;12.7
2009-12-30;673.912683;0.892427326562122;14.2
2009-12-31;627.617254;0.807356947588185;11.525
2010-01-01;554.914113;0.702247999965796;8.525
2010-01-02;623.585388;0.743828226061724;6.75
2010-01-03;622.306166;0.785042801836945;7.35
2010-01-04;739.289627;0.921602290119303;8.375
2010-01-05;729.508762;0.893411837406801;9.525
2010-01-06;626.389455;0.765000414211087;7.125
2010-01-07;819.410955;0.934773704369765;3.375
2010-01-08;850.929519;0.989358955299681;3.225
2010-01-09;769.903523;0.878925102074347;2.525
2010-01-10;744.176129;0.803490711093161;0.125
2010-01-11;879.436488;0.971186094315151;3
2010-01-12;902.921116;0.997175004757479;2.225
2010-01-13;869.978053;0.999889850980716;6.75
2010-01-14;836.703992;0.998786053216049;9.575
2010-01-15;822.065924;0.989358955299681;7.85
2010-01-16;727.562148;0.878925102074347;8.025
2010-01-17;659.096299;0.803490711093161;10.175
2010-01-18;789.907845;0.971186094315151;10.475
2010-01-19;803.791487;0.997175004757479;10.175
2010-01-20;789.245643;0.999889850980716;9.725
2010-01-21;797.388045;0.998786053216049;7.225
2010-01-22;795.069952;0.989358955299681;7.55
2010-01-23;715.843724;0.878925102074347;8.7
2010-01-24;661.25863;0.803490711093161;9.875
2010-01-25;808.121913;0.971186094315151;7.6
2010-01-26;847.637136;0.997175004757479;6.35
2010-01-27;863.41952;0.999889850980716;5.45
2010-01-28;852.372199;0.998786053216049;4.975
2010-01-29;830.824136;0.989358955299681;6.15
2010-01-30;731.895053;0.878925102074347;8.1
2010-01-31;677.190728;0.803490711093161;6.825
2010-02-01;810.918396;0.971186094315151;6.475
2010-02-02;833.279723;0.997175004757479;5.675
2010-02-03;837.021225;0.999889850980716;6.075
2010-02-04;847.626765;0.998786053216049;8.425
2010-02-05;806.321339;0.989358955299681;11.2
2010-02-06;703.564864;0.878925102074347;11.325
2010-02-07;650.848394;0.803490711093161;8.725
2010-02-08;797.532018;0.971186094315151;9.5
2010-02-09;810.346465;0.997175004757479;8.175
2010-02-10;828.450847;0.999889850980716;6.35
2010-02-11;843.178808;0.998786053216049;3.025
2010-02-12;862.135537;0.989358955299681;4.05
2010-02-13;778.678677;0.878925102074347;2.375
2010-02-14;713.80723;0.803490711093161;2.5
2010-02-15;876.12127;0.971186094315151;1.425
2010-02-16;859.836547;0.997175004757479;5.95
2010-02-17;838.741566;0.999889850980716;9.5
2010-02-18;836.954952;0.998786053216049;8.375
2010-02-19;823.805618;0.989358955299681;9.25
2010-02-20;725.384775;0.878925102074347;7.425
2010-02-21;686.355234;0.803490711093161;6.675
2010-02-22;795.7063;0.971186094315151;9.225
2010-02-23;791.916741;0.997175004757479;11.925
2010-02-24;780.559819;0.999889850980716;12.8
2010-02-25;779.704118;0.998786053216049;11.95
2010-02-26;760.092268;0.989358955299681;11.825
2010-02-27;671.50029;0.878925102074347;11.725
2010-02-28;607.940053;0.803490711093161;11.225
2010-03-01;732.411356;0.971186094315151;10.25
2010-03-02;783.099347;0.997175004757479;10.175
2010-03-03;794.518919;0.999889850980716;9.55
2010-03-04;774.077328;0.998786053216049;10.25
2010-03-05;788.923336;0.989358955299681;8.8
2010-03-06;708.584661;0.878925102074347;6.45
2010-03-07;658.330745;0.803490711093161;6.375
2010-03-08;806.436065;0.971186094315151;2.35
2010-03-09;813.412815;0.997175004757479;5.15
2010-03-10;833.973779;0.999889850980716;3.325
2010-03-11;843.063602;0.998786053216049;3.825
2010-03-12;843.923266;0.989358955299681;4.575
2010-03-13;730.982108;0.878925102074347;5.6
2010-03-14;668.372019;0.803490711093161;7.025
2010-03-15;789.71165;0.971186094315151;7.925
2010-03-16;790.36684;0.997175004757479;9
2010-03-17;771.529415;0.999889850980716;10
2010-03-18;763.19424;0.998786053216049;10.525
2010-03-19;682.50439;0.989358955299681;11.275
2010-03-20;650.120197;0.878925102074347;13.025
2010-03-21;599.54387;0.803490711093161;12.975
2010-03-22;715.610375;0.971186094315151;13.675
2010-03-23;732.000725;0.997175004757479;13.025
2010-03-24;739.600288;0.999889850980716;13.525
2010-03-25;749.831268;0.998786053216049;12.325
2010-03-26;735.969645;0.989358955299681;12.875
2010-03-27;644.029129;0.878925102074347;14.075
2010-03-28;553.519622;0.803490711093161;11.75
2010-03-29;696.983702;0.983672355785803;11.15
2010-03-30;706.287633;1.01127146561137;12.475
2010-03-31;696.973141;1;11.525
2010-04-01;607.459216;0.871334047527749;9.5
2010-04-02;558.1283;0.800963015763219;9.9
2010-04-03;585.13034;0.83430320761131;10.825
2010-04-04;551.953724;0.781447890411771;10.75
2010-04-05;620.743704;0.873115696668883;10.8
2010-04-06;700.440814;0.997175004757479;12.025
2010-04-07;719.450663;0.999889850980716;12.25
2010-04-08;719.088245;0.998786053216049;11.675
2010-04-09;712.262841;0.989358955299681;11.75
2010-04-10;623.746734;0.878925102074347;13.875
2010-04-11;565.45177;0.803490711093161;13.95
2010-04-12;690.070429;0.971186094315151;13.275
2010-04-13;734.458751;0.997175004757479;9.675
2010-04-14;733.95824;0.999889850980716;11.1
2010-04-15;730.928041;0.998786053216049;12.15
2010-04-16;720.901261;0.989358955299681;14.15
2010-04-17;633.05947;0.878925102074347;13.05
2010-04-18;579.788716;0.803490711093161;13.3
2010-04-19;692.740658;0.971186094315151;13.8
2010-04-20;699.758523;0.997175004757479;15.125
2010-04-21;698.963307;0.999889850980716;15.5
2010-04-22;706.090575;0.998786053216049;15.875
2010-04-23;678.250094;0.989358955299681;15.85
2010-04-24;600.584893;0.878925102074347;15.725
2010-04-25;547.051572;0.803490711093161;17.55
2010-04-26;673.410714;0.971186094315151;18.95
2010-04-27;693.718109;0.997175004757479;19.625
2010-04-28;692.151138;0.999889850980716;19.175
2010-04-29;696.600785;0.998786053216049;18.25
2010-04-30;692.44378;0.989358955299681;17.2
2010-05-01;543.0212;0.834484356370163;18.075
2010-05-02;533.340425;0.803490711093161;16.925
2010-05-03;672.359995;0.971186094315151;13
2010-05-04;705.996701;0.997175004757479;9.475
2010-05-05;712.794234;0.999889850980716;11.375
2010-05-06;709.380764;0.998786053216049;11.45
2010-05-07;704.884728;0.989358955299681;13.275
2010-05-08;616.720446;0.878925102074347;14.125
2010-05-09;561.044627;0.803490711093161;14.725
2010-05-10;676.880181;0.971186094315151;15.6
2010-05-11;693.889015;0.997175004757479;14.425
2010-05-12;700.981539;0.999889850980716;14.925
2010-05-13;700.773637;0.998786053216049;13.05
2010-05-14;707.457971;0.989358955299681;11.45
2010-05-15;613.77579;0.878925102074347;13.725
2010-05-16;557.901586;0.803490711093161;13.65
2010-05-17;668.126272;0.971186094315151;14.7
2010-05-18;688.084726;0.997175004757479;16.525
2010-05-19;699.184608;0.999889850980716;17.575
2010-05-20;697.217535;0.998786053216049;17.875
2010-05-21;695.01406;0.989358955299681;18.775
2010-05-22;612.002838;0.878925102074347;20.15
2010-05-23;551.877122;0.803490711093161;19.475
2010-05-24;665.4125;0.971186094315151;19.7
2010-05-25;697.110323;0.997175004757479;19.65
2010-05-26;702.85353;0.999889850980716;19.2
2010-05-27;704.122071;0.998786053216049;19.025
2010-05-28;693.626731;0.989358955299681;18.85
2010-05-29;607.713684;0.878925102074347;20.025
2010-05-30;558.924042;0.803490711093161;20.925
2010-05-31;705.186721;0.971186094315151;22.925
2010-06-01;738.578222;0.997175004757479;22.65
2010-06-02;741.608948;0.999889850980716;22.9
2010-06-03;715.45981;0.946364794562002;22.225
2010-06-04;733.400902;0.967081714957129;22.5
2010-06-05;652.282831;0.878925102074347;23.45
2010-06-06;585.380179;0.803490711093161;22.35
2010-06-07;719.608281;0.971186094315151;21.7
2010-06-08;734.477133;0.997175004757479;21.55
2010-06-09;714.204507;0.999889850980716;18.375
2010-06-10;699.597416;0.998786053216049;19.05
2010-06-11;692.401774;0.989358955299681;18.1
2010-06-12;608.40965;0.878925102074347;17.15
2010-06-13;548.02064;0.803490711093161;19.4
2010-06-14;682.463698;0.971186094315151;19.55
2010-06-15;695.910619;0.997175004757479;16.45
2010-06-16;687.970108;0.999889850980716;16.75
2010-06-17;685.162231;0.998786053216049;16.95
2010-06-18;684.522403;0.989358955299681;20.075
2010-06-19;612.285125;0.878925102074347;19.975
2010-06-20;555.169519;0.803490711093161;19.4
2010-06-21;670.394267;0.971186094315151;17.875
2010-06-22;702.26221;0.997175004757479;20.35
2010-06-23;706.062247;0.999889850980716;21.8
2010-06-24;675.385953;0.943827073564979;23.175
2010-06-25;694.963692;0.960674596661928;23.325
2010-06-26;630.388468;0.878925102074347;23.225
2010-06-27;568.821582;0.803490711093161;23.85
2010-06-28;709.132208;0.971186094315151;23.5
2010-06-29;719.569716;0.997175004757479;24.7
2010-06-30;748.821771;0.999889850980716;24.9
2010-07-01;771.893389;0.998786053216049;25.675
2010-07-02;769.209108;0.989358955299681;24.75
2010-07-03;670.643456;0.878925102074347;24.2
2010-07-04;613.984523;0.803490711093161;25.775
2010-07-05;764.979694;0.971186094315151;26.575
2010-07-06;793.492393;0.997175004757479;26.875
2010-07-07;806.548279;0.999889850980716;26.95
2010-07-08;810.611833;0.998786053216049;27.525
2010-07-09;802.110939;0.989358955299681;27.075
2010-07-10;707.331967;0.878925102074347;27.3
2010-07-11;636.133197;0.803490711093161;27.8
2010-07-12;792.326943;0.971186094315151;27.85
2010-07-13;800.993085;0.997175004757479;25.85
2010-07-14;802.607157;0.999889850980716;26.375
2010-07-15;792.953182;0.998786053216049;25.55
2010-07-16;783.551936;0.989358955299681;24.95
2010-07-17;694.518398;0.878925102074347;27.175
2010-07-18;628.184523;0.803490711093161;27.675
2010-07-19;796.420077;0.971186094315151;27.65
2010-07-20;804.262288;0.997175004757479;27.625
2010-07-21;792.367901;0.999889850980716;26.825
2010-07-22;780.358757;0.998786053216049;26.525
2010-07-23;763.630495;0.989358955299681;25
2010-07-24;667.958613;0.878925102074347;25.05
2010-07-25;605.061814;0.803490711093161;25.7
2010-07-26;745.082038;0.971186094315151;25.375
2010-07-27;767.702477;0.997175004757479;26.075
2010-07-28;780.382507;0.999889850980716;27.075
2010-07-29;779.46006;0.998786053216049;27.225
2010-07-30;755.903177;0.989358955299681;25.75
2010-07-31;668.620508;0.878925102074347;27.05
2010-08-01;608.396581;0.803490711093161;27.075
2010-08-02;730.449435;0.971186094315151;26.675
2010-08-03;724.792456;0.997175004757479;24.425
2010-08-04;729.525028;0.999889850980716;24.925
2010-08-05;728.94335;0.998786053216049;24.875
2010-08-06;714.893269;0.989358955299681;24.85
2010-08-07;645.526678;0.878925102074347;25.95
2010-08-08;589.035754;0.803490711093161;25.95
2010-08-09;716.767969;0.971186094315151;27.525
2010-08-10;737.626337;0.997175004757479;26.7
2010-08-11;746.380799;0.999889850980716;26.35
2010-08-12;732.142019;0.998786053216049;24.6
2010-08-13;687.247224;0.989358955299681;22.225
2010-08-14;608.19527;0.878925102074347;20.025
2010-08-15;553.175765;0.803490711093161;22.4
2010-08-16;625.209835;0.971186094315151;21.825
2010-08-17;667.987689;0.997175004757479;23.975
2010-08-18;683.104647;0.999889850980716;25.025
2010-08-19;683.547362;0.998786053216049;24.25
2010-08-20;690.398332;0.989358955299681;24.875
2010-08-21;639.306718;0.878925102074347;27.15
2010-08-22;594.023369;0.803490711093161;27.325
2010-08-23;728.097353;0.971186094315151;25.825
2010-08-24;745.643675;0.997175004757479;26.125
2010-08-25;765.253743;0.999889850980716;26.2
2010-08-26;785.166514;0.998786053216049;27.375
2010-08-27;786.486047;0.989358955299681;29.575
2010-08-28;682.137362;0.878925102074347;26.425
2010-08-29;614.013133;0.803490711093161;25.75
2010-08-30;752.169418;0.971186094315151;25
2010-08-31;768.275032;0.997175004757479;23.975
2010-09-01;764.010662;0.999889850980716;24.675
2010-09-02;749.228495;0.998786053216049;23.225
2010-09-03;757.287998;0.989358955299681;23.5
2010-09-04;667.212587;0.878925102074347;24.825
2010-09-05;605.666786;0.803490711093161;25.175
2010-09-06;745.906077;0.971186094315151;24.775
2010-09-07;751.701466;0.997175004757479;24.15
2010-09-08;711.589495;0.999889850980716;21.2
2010-09-09;725.258738;0.998786053216049;20.25
2010-09-10;724.718883;0.989358955299681;21.85
2010-09-11;629.991159;0.85991892624018;22.375
2010-09-12;581.596185;0.803490711093161;23.875
2010-09-13;722.263062;0.971186094315151;24.325
2010-09-14;747.310746;0.997175004757479;24.1
2010-09-15;760.653497;0.999889850980716;24
2010-09-16;755.594459;0.998786053216049;23.925
2010-09-17;724.414934;0.989358955299681;20.525
2010-09-18;622.205522;0.878925102074347;19.175
2010-09-19;559.860939;0.803490711093161;19.975
2010-09-20;689.03597;0.971186094315151;18.725
2010-09-21;711.455263;0.997175004757479;20.3
2010-09-22;722.182074;0.999889850980716;20.575
2010-09-23;721.771851;0.998786053216049;21.15
2010-09-24;701.474264;0.989358955299681;21.425
2010-09-25;612.71547;0.878925102074347;18.375
2010-09-26;546.399182;0.803490711093161;16.925
2010-09-27;673.587463;0.971186094315151;16.3
2010-09-28;692.5977;0.997175004757479;17.1
2010-09-29;606.453137;0.848330828796804;17.925
2010-09-30;690.32891;0.967071124872546;18.525
2010-10-01;703.436677;0.989358955299681;19.15
2010-10-02;618.688743;0.878925102074347;19.525
2010-10-03;565.932113;0.803490711093161;18.9
2010-10-04;681.631879;0.971186094315151;20.475
2010-10-05;698.611793;0.997175004757479;17.425
2010-10-06;707.57414;0.999889850980716;17.65
2010-10-07;714.622753;0.998786053216049;20.625
2010-10-08;713.280048;0.989358955299681;21.875
2010-10-09;615.057201;0.878925102074347;19.275
2010-10-10;542.918732;0.803490711093161;16.5
2010-10-11;605.42019;0.91164758772019;15.95
2010-10-12;559.506966;0.834464415714144;16.175
2010-10-13;671.020539;0.96795410135572;16.825
2010-10-14;688.626991;0.998786053216049;16.5
2010-10-15;689.477645;0.989358955299681;14.4
2010-10-16;609.040881;0.878925102074347;13.3
2010-10-17;553.795954;0.803490711093161;13.825
2010-10-18;683.161001;0.971186094315151;11.975
2010-10-19;709.16913;0.997175004757479;12.275
2010-10-20;716.084391;0.999889850980716;12.9
2010-10-21;716.434036;0.998786053216049;13.825
2010-10-22;717.461291;0.989358955299681;13.65
2010-10-23;625.31412;0.878925102074347;15.625
2010-10-24;565.871064;0.803490711093161;15.7
2010-10-25;694.29014;0.971186094315151;13.175
2010-10-26;725.540006;0.997175004757479;12.125
2010-10-27;726.454068;0.999889850980716;12
2010-10-28;725.398189;0.998786053216049;14.075
2010-10-29;720.197937;0.989358955299681;14.3
2010-10-30;641.411682;0.878925102074347;14.025
2010-10-31;601.274833;0.803490711093161;15.05
2010-11-01;581.177189;0.835822587204205;14.55
2010-11-02;703.33362;0.96795410135572;14.25
2010-11-03;722.397285;0.999889850980716;15.225
2010-11-04;724.345727;0.998786053216049;16.325
2010-11-05;719.07814;0.989358955299681;15.725
2010-11-06;632.888526;0.878925102074347;14.75
2010-11-07;582.956806;0.803490711093161;13.55
2010-11-08;731.991602;0.971186094315151;9.925
2010-11-09;741.697821;0.997175004757479;12.9
2010-11-10;753.357354;0.999889850980716;12.75
2010-11-11;755.149041;0.998786053216049;10.35
2010-11-12;746.30117;0.989358955299681;11.975
2010-11-13;661.358089;0.878925102074347;11.5
2010-11-14;609.063234;0.803490711093161;11.625
2010-11-15;741.191577;0.971186094315151;11.25
2010-11-16;764.656754;0.997175004757479;10.525
2010-11-17;786.961863;0.999889850980716;9.425
2010-11-18;778.428671;0.998786053216049;9.85
2010-11-19;791.194715;0.989358955299681;7.325
2010-11-20;703.891829;0.878925102074347;9.85
2010-11-21;641.393234;0.803490711093161;9.65
2010-11-22;779.251969;0.971186094315151;9.825
2010-11-23;803.111188;0.997175004757479;8.1
2010-11-24;806.407832;0.999889850980716;7.925
2010-11-25;806.992713;0.998786053216049;6.575
2010-11-26;816.915098;0.989358955299681;6.3
2010-11-27;740.835684;0.878925102074347;4.875
2010-11-28;676.959572;0.803490711093161;5.875
2010-11-29;851.020574;0.971186094315151;1.85
2010-11-30;859.457699;0.997175004757479;5.925
2010-12-01;844.757892;0.999889850980716;7.475
2010-12-02;853.416211;0.998786053216049;5.425
2010-12-03;856.468079;0.989358955299681;4.95
2010-12-04;775.89407;0.878925102074347;3.025
2010-12-05;710.531793;0.803490711093161;6.325
2010-12-06;677.805296;0.835822587204205;12.225
2010-12-07;708.340744;0.96795410135572;12.825
2010-12-08;650.889096;0.834464415714144;14.025
2010-12-09;757.341565;0.96795410135572;13.175
2010-12-10;770.187067;0.989358955299681;12.675
2010-12-11;694.678674;0.878925102074347;9.95
2010-12-12;648.974396;0.803490711093161;9.25
2010-12-13;777.635526;0.971186094315151;10.175
2010-12-14;803.377913;0.997175004757479;10.9
2010-12-15;834.881676;0.999889850980716;4.675
2010-12-16;859.512801;0.998786053216049;3.1
2010-12-17;859.53961;0.989358955299681;3.95
2010-12-18;768.686331;0.878925102074347;4.175
2010-12-19;701.615523;0.803490711093161;8.225
2010-12-20;816.211095;0.971186094315151;7.525
2010-12-21;827.679329;0.956713241819361;6.95
2010-12-22;800.7864;0.956713241819361;9.725
2010-12-23;775.415503;0.892427326562122;9.725
2010-12-24;684.975677;0.804510430966617;7
2010-12-25;597.61179;0.69421396287997;4.625
2010-12-26;640.905515;0.784074477919678;3.3
2010-12-27;775.822455;0.892861669915169;3.5
2010-12-28;772.058438;0.892427326562122;5.6
2010-12-29;750.751519;0.892427326562122;9.025
2010-12-30;741.511245;0.892427326562122;7.675
2010-12-31;669.193826;0.807356947588185;8.85
2011-01-01;568.705407;0.702247999965796;9.55
2011-01-02;603.951177;0.749057340442229;10.575
2011-01-03;758.625016;0.921602290119303;5.625
2011-01-04;790.409936;0.956713241819361;6.625
2011-01-05;761.542439;0.893411837406801;8.725
2011-01-06;622.558171;0.765000414211087;11.4
2011-01-07;704.462092;0.934773704369765;11.025
2011-01-08;675.39241;0.878925102074347;10.975
2011-01-09;640.028322;0.803490711093161;10
2011-01-10;783.908803;0.971186094315151;8.375
2011-01-11;797.894534;0.997175004757479;11.075
2011-01-12;790.392723;0.999889850980716;10.375
2011-01-13;790.405802;0.998786053216049;9.5
2011-01-14;787.484143;0.989358955299681;9.375
2011-01-15;701.857835;0.878925102074347;9.475
2011-01-16;654.42765;0.803490711093161;8.95
2011-01-17;792.537582;0.971186094315151;6.525
2011-01-18;812.27544;0.997175004757479;8.7
2011-01-19;811.168553;0.999889850980716;9.025
2011-01-20;806.653909;0.998786053216049;8.95
2011-01-21;826.159945;0.989358955299681;4.375
2011-01-22;769.842534;0.878925102074347;2.55
2011-01-23;723.151993;0.803490711093161;1.85
2011-01-24;864.498587;0.971186094315151;2.8
2011-01-25;881.445122;0.997175004757479;3.2
2011-01-26;878.560783;0.999889850980716;3.1
2011-01-27;863.710403;0.988176522466746;4.225
2011-01-28;850.767171;0.978423540812867;7.675
2011-01-29;748.978786;0.878925102074347;7.275
2011-01-30;693.405634;0.803490711093161;4.9
2011-01-31;840.471755;0.971186094315151;6.175
2011-02-01;852.834986;0.997175004757479;6.025
2011-02-02;846.947854;0.999889850980716;7.875
2011-02-03;837.410984;0.998786053216049;7.675
2011-02-04;821.282839;0.989358955299681;8.625
2011-02-05;724.653551;0.878925102074347;9.25
2011-02-06;658.273022;0.803490711093161;11.15
2011-02-07;791.66652;0.971186094315151;8.8
2011-02-08;815.730309;0.997175004757479;7.425
2011-02-09;812.531913;0.999889850980716;7.7
2011-02-10;805.657243;0.998786053216049;7.875
2011-02-11;799.009568;0.989358955299681;8.925
2011-02-12;709.703566;0.878925102074347;8.275
2011-02-13;656.984224;0.803490711093161;7.8
2011-02-14;795.11031;0.971186094315151;7.975
2011-02-15;824.801652;0.997175004757479;7.7
2011-02-16;820.601499;0.999889850980716;8.025
2011-02-17;825.067525;0.998786053216049;7.15
2011-02-18;801.662843;0.989358955299681;9.05
2011-02-19;713.30216;0.878925102074347;8.925
2011-02-20;641.025664;0.803490711093161;10
2011-02-21;771.102537;0.971186094315151;10.425
2011-02-22;772.107371;0.997175004757479;14.525
2011-02-23;750.793138;0.999889850980716;11.825
2011-02-24;749.353152;0.998786053216049;12.125
2011-02-25;739.754139;0.989358955299681;12.525
2011-02-26;659.393651;0.878925102074347;12.475
2011-02-27;606.593693;0.803490711093161;9.75
2011-02-28;743.702135;0.971186094315151;7.125
2011-03-01;797.48333;0.997175004757479;6.8
2011-03-02;813.514413;0.999889850980716;7.65
2011-03-03;828.059738;0.998786053216049;5.675
2011-03-04;828.604456;0.989358955299681;6.1
2011-03-05;711.236051;0.878925102074347;8.65
2011-03-06;641.479815;0.803490711093161;8.7
2011-03-07;756.885394;0.971186094315151;10.35
2011-03-08;786.068794;0.997175004757479;10.875
2011-03-09;795.121676;0.999889850980716;11.45
2011-03-10;783.973624;0.998786053216049;10.1
2011-03-11;788.716259;0.989358955299681;8.85
2011-03-12;695.91998;0.878925102074347;10.825
2011-03-13;624.601984;0.803490711093161;11.525
2011-03-14;765.351464;0.971186094315151;11.375
2011-03-15;780.113435;0.997175004757479;12.375
2011-03-16;780.100052;0.999889850980716;9.25
2011-03-17;755.44828;0.998786053216049;13.725
2011-03-18;734.798475;0.989358955299681;12.525
2011-03-19;634.803145;0.878925102074347;13
2011-03-20;585.349115;0.803490711093161;12.275
2011-03-21;720.59525;0.971186094315151;10.675
2011-03-22;744.530169;0.997175004757479;11.15
2011-03-23;758.767035;0.999889850980716;10.125
2011-03-24;753.959659;0.998786053216049;10.575
2011-03-25;737.766542;0.989358955299681;12.1
2011-03-26;648.218373;0.878925102074347;12.625
2011-03-27;570.534143;0.803490711093161;12.925
2011-03-28;715.406987;0.971186094315151;12.725
2011-03-29;729.158648;0.997175004757479;12.975
2011-03-30;729.127234;0.999889850980716;14.3
2011-03-31;713.555483;0.998786053216049;14.325
2011-04-01;699.652144;0.989358955299681;15.95
2011-04-02;614.515038;0.878925102074347;15.45
2011-04-03;571.270381;0.803490711093161;15.425
2011-04-04;685.834663;0.971186094315151;16.1
2011-04-05;697.140688;0.997175004757479;16.8
2011-04-06;699.825997;0.999889850980716;16.375
2011-04-07;692.667702;0.998786053216049;16.6
2011-04-08;695.59698;0.989358955299681;17.9
2011-04-09;611.133721;0.878925102074347;18.65
2011-04-10;558.768333;0.803490711093161;18.725
2011-04-11;679.342761;0.971186094315151;18.025
2011-04-12;695.389245;0.997175004757479;17.575
2011-04-13;691.813526;0.999889850980716;16.575
2011-04-14;694.024558;0.998786053216049;16.075
2011-04-15;693.502868;0.989358955299681;14.85
2011-04-16;616.980941;0.878925102074347;14.875
2011-04-17;553.708972;0.803490711093161;14.45
2011-04-18;660.126522;0.983672355785803;14.475
2011-04-19;674.778588;1.01127146561137;14.975
2011-04-20;659.449853;1;15.8
2011-04-21;566.28422;0.871334047527749;16
2011-04-22;522.261688;0.800963015763219;13.7
2011-04-23;544.093723;0.83430320761131;14.5
2011-04-24;517.333852;0.781447890411771;15.6
2011-04-25;583.502691;0.873115696668883;16.275
2011-04-26;659.857773;0.997175004757479;17.325
2011-04-27;672.708341;0.999889850980716;16.9
2011-04-28;674.327527;0.998786053216049;17.025
2011-04-29;678.005582;0.989358955299681;15
2011-04-30;598.097038;0.878925102074347;14.825
2011-05-01;518.279997;0.803490711093161;15.9
2011-05-02;598.569741;0.835822587204205;16.15
2011-05-03;673.120067;0.96795410135572;16.2
2011-05-04;682.796492;0.999889850980716;16.5
2011-05-05;685.835777;0.998786053216049;16.775
2011-05-06;680.530211;0.989358955299681;18.475
2011-05-07;604.735636;0.878925102074347;16.95
2011-05-08;541.259295;0.803490711093161;16.05
2011-05-09;666.127144;0.971186094315151;17.875
2011-05-10;687.258721;0.997175004757479;18.45
2011-05-11;690.838124;0.999889850980716;18.2
2011-05-12;691.201633;0.998786053216049;19.1
2011-05-13;687.693385;0.989358955299681;20.7
2011-05-14;617.410158;0.878925102074347;20.25
2011-05-15;545.709504;0.803490711093161;15.825
2011-05-16;662.69311;0.971186094315151;16.95
2011-05-17;678.913669;0.997175004757479;17.85
2011-05-18;691.983272;0.999889850980716;18.675
2011-05-19;689.069416;0.998786053216049;17.15
2011-05-20;676.934441;0.989358955299681;17.675
2011-05-21;603.208883;0.878925102074347;19.4
2011-05-22;544.442976;0.803490711093161;20.625
2011-05-23;679.60367;0.971186094315151;21.625
2011-05-24;709.582206;0.997175004757479;23.325
2011-05-25;720.841019;0.999889850980716;22.925
2011-05-26;726.133554;0.998786053216049;22.8
2011-05-27;710.621197;0.989358955299681;21.35
2011-05-28;620.184624;0.878925102074347;20.375
2011-05-29;562.343782;0.803490711093161;21.3
2011-05-30;680.121689;0.971186094315151;20.275
2011-05-31;697.791472;0.997175004757479;19.5
2011-06-01;694.316786;0.999889850980716;16.75
2011-06-02;689.521148;0.998786053216049;16.175
2011-06-03;686.207872;0.989358955299681;17.125
2011-06-04;611.122193;0.878925102074347;18.35
2011-06-05;556.1556;0.803490711093161;18.85
2011-06-06;676.022166;0.971186094315151;18.15
2011-06-07;686.958543;0.997175004757479;18.45
2011-06-08;684.94449;0.999889850980716;17.15
2011-06-09;683.795878;0.998786053216049;18.5
2011-06-10;686.304173;0.989358955299681;18.45
2011-06-11;611.17849;0.878925102074347;19.7
2011-06-12;559.724961;0.803490711093161;21.725
2011-06-13;666.143349;0.913042435064655;23.1
2011-06-14;721.547222;0.984253197144856;22.85
2011-06-15;737.007991;0.999889850980716;23.625
2011-06-16;735.921559;0.998786053216049;23.15
2011-06-17;729.705929;0.989358955299681;22.675
2011-06-18;647.057339;0.878925102074347;23.1
2011-06-19;580.192097;0.803490711093161;21.95
2011-06-20;725.850919;0.971186094315151;24.475
2011-06-21;760.769876;0.997175004757479;24.6
2011-06-22;759.31409;0.999889850980716;24.425
2011-06-23;710.125578;0.946364794562002;23.35
2011-06-24;687.576952;0.967081714957129;23.85
2011-06-25;662.937463;0.878925102074347;25.275
2011-06-26;618.599522;0.803490711093161;26.5
2011-06-27;772.613609;0.971186094315151;26.875
2011-06-28;792.76981;0.997175004757479;26.4
2011-06-29;782.872293;0.999889850980716;26.55
2011-06-30;774.7394;0.998786053216049;24.5
2011-07-01;767.798677;0.989358955299681;25.2
2011-07-02;689.473232;0.878925102074347;26.175
2011-07-03;612.928375;0.803490711093161;25.375
2011-07-04;722.511989;0.971186094315151;24.9
2011-07-05;764.075723;0.997175004757479;24.8
2011-07-06;776.05396;0.999889850980716;25.425
2011-07-07;760.61724;0.998786053216049;24
2011-07-08;751.688517;0.989358955299681;23.35
2011-07-09;670.417643;0.878925102074347;24.55
2011-07-10;605.863244;0.803490711093161;24.575
2011-07-11;753.003867;0.971186094315151;24.95
2011-07-12;771.515238;0.997175004757479;23.775
2011-07-13;745.354814;0.999889850980716;22.2
2011-07-14;739.106149;0.998786053216049;20.675
2011-07-15;746.312746;0.989358955299681;23.525
2011-07-16;670.671451;0.878925102074347;25.075
2011-07-17;601.142425;0.803490711093161;25.85
2011-07-18;711.762804;0.971186094315151;21.85
2011-07-19;730.343056;0.997175004757479;24.125
2011-07-20;731.715289;0.999889850980716;21.7
2011-07-21;746.627012;0.998786053216049;24.025
2011-07-22;730.347033;0.989358955299681;23.35
2011-07-23;638.534041;0.878925102074347;22.875
2011-07-24;571.8137;0.803490711093161;21.675
2011-07-25;659.429088;0.904303083989475;23.3
2011-07-26;737.140812;0.989124050403125;25.05
2011-07-27;740.498204;0.999889850980716;24.375
2011-07-28;742.686498;0.998786053216049;25.1
2011-07-29;735.883818;0.989358955299681;25.525
2011-07-30;645.615284;0.878925102074347;26.225
2011-07-31;577.729481;0.803490711093161;25.25
2011-08-01;701.970209;0.971186094315151;25.6
2011-08-02;705.941072;0.997175004757479;24.025
2011-08-03;712.336878;0.999889850980716;24.325
2011-08-04;725.267164;0.998786053216049;25.65
2011-08-05;724.455319;0.989358955299681;26.25
2011-08-06;651.02489;0.878925102074347;25.775
2011-08-07;592.994095;0.803490711093161;26.025
2011-08-08;698.010936;0.971186094315151;25.175
2011-08-09;704.730456;0.997175004757479;23.25
2011-08-10;708.856992;0.999889850980716;24.325
2011-08-11;716.689114;0.998786053216049;26.125
2011-08-12;709.67266;0.989358955299681;26.325
2011-08-13;634.23437;0.878925102074347;25.325
2011-08-14;583.539006;0.803490711093161;26.1
2011-08-15;597.717097;0.835822587204205;26.575
2011-08-16;708.102617;0.96795410135572;27.225
2011-08-17;725.809676;0.999889850980716;26.675
2011-08-18;728.209823;0.998786053216049;26.35
2011-08-19;737.946863;0.989358955299681;27.575
2011-08-20;679.372113;0.878925102074347;28.25
2011-08-21;612.641525;0.803490711093161;28.175
2011-08-22;714.881083;0.971186094315151;25.75
2011-08-23;739.023864;0.997175004757479;24.625
2011-08-24;744.617331;0.999889850980716;26.175
2011-08-25;744.944647;0.998786053216049;25.35
2011-08-26;727.120728;0.989358955299681;25.175
2011-08-27;626.285844;0.878925102074347;21.175
2011-08-28;582.494742;0.803490711093161;23.55
2011-08-29;722.19231;0.971186094315151;24.275
2011-08-30;747.006091;0.997175004757479;24.225
2011-08-31;754.909941;0.999889850980716;24.675
2011-09-01;747.246325;0.998786053216049;24.25
2011-09-02;724.979845;0.989358955299681;22.75
2011-09-03;626.360868;0.878925102074347;22.25
2011-09-04;571.976512;0.803490711093161;22.15
2011-09-05;702.921298;0.971186094315151;21.75
2011-09-06;733.116294;0.997175004757479;23.075
2011-09-07;749.304907;0.999889850980716;23.8
2011-09-08;741.073803;0.998786053216049;24.875
2011-09-09;734.53369;0.989358955299681;24.725
2011-09-10;661.263166;0.878925102074347;24.55
2011-09-11;597.998932;0.803490711093161;23.15
2011-09-12;737.84086;0.971186094315151;24.025
2011-09-13;762.365571;0.997175004757479;24.8
2011-09-14;771.542525;0.999889850980716;25.975
2011-09-15;767.912948;0.998786053216049;25.075
2011-09-16;761.238559;0.989358955299681;24.525
2011-09-17;665.728402;0.878925102074347;23.75
2011-09-18;586.965945;0.803490711093161;22.75
2011-09-19;691.485045;0.971186094315151;18.675
2011-09-20;710.699807;0.997175004757479;20.35
2011-09-21;720.109847;0.999889850980716;21.35
2011-09-22;729.325504;0.998786053216049;21.825
2011-09-23;715.362571;0.989358955299681;22.125
2011-09-24;619.582531;0.878925102074347;20.4
2011-09-25;560.318469;0.803490711093161;20.75
2011-09-26;694.931991;0.971186094315151;20.85
2011-09-27;720.276766;0.997175004757479;22.15
2011-09-28;717.484944;0.999889850980716;20.8
2011-09-29;713.520111;0.998786053216049;20.75
2011-09-30;709.74914;0.989358955299681;20.4
2011-10-01;625.185597;0.878925102074347;20.15
2011-10-02;565.398968;0.803490711093161;19.8
2011-10-03;693.593826;0.971186094315151;21.325
2011-10-04;709.07808;0.997175004757479;21.4
2011-10-05;716.676102;0.999889850980716;21.2
2011-10-06;720.184978;0.998786053216049;21.375
2011-10-07;703.188981;0.989358955299681;19.9
2011-10-08;611.103679;0.878925102074347;17.675
2011-10-09;552.508232;0.803490711093161;18
2011-10-10;675.566484;0.971186094315151;20.525
2011-10-11;690.797949;0.997175004757479;21.2
2011-10-12;583.40197;0.834464415714144;21.625
2011-10-13;683.721045;0.96795410135572;21.2
2011-10-14;690.335833;0.989358955299681;20.125
2011-10-15;610.588296;0.878925102074347;18.875
2011-10-16;553.234323;0.803490711093161;18.675
2011-10-17;678.648454;0.971186094315151;18.425
2011-10-18;693.533745;0.997175004757479;17.65
2011-10-19;698.379281;0.999889850980716;17.7
2011-10-20;696.715594;0.998786053216049;15.525
2011-10-21;693.222495;0.989358955299681;12.875
2011-10-22;610.539046;0.878925102074347;16.025
2011-10-23;556.550032;0.803490711093161;16.075
2011-10-24;672.785526;0.971186094315151;16.1
2011-10-25;676.946513;0.997175004757479;14.675
2011-10-26;701.105385;0.999889850980716;13.225
2011-10-27;705.868594;0.998786053216049;15.75
2011-10-28;696.559834;0.989358955299681;15.325
2011-10-29;617.699256;0.878925102074347;16.2
2011-10-30;580.485439;0.803490711093161;17.2
2011-10-31;619.57743;0.91164758772019;16.15
2011-11-01;563.316147;0.834464415714144;17.575
2011-11-02;682.717404;0.96795410135572;17.25
2011-11-03;700.726682;0.998786053216049;16.825
2011-11-04;703.14408;0.989358955299681;13.6
2011-11-05;627.802395;0.878925102074347;13.25
2011-11-06;579.641849;0.803490711093161;12.975
2011-11-07;701.329498;0.971186094315151;13.975
2011-11-08;718.194571;0.997175004757479;13.65
2011-11-09;712.644392;0.999889850980716;10.475
2011-11-10;716.593724;0.998786053216049;14.45
2011-11-11;707.403277;0.989358955299681;15.525
2011-11-12;622.705952;0.878925102074347;16.475
2011-11-13;571.031986;0.803490711093161;15.1
2011-11-14;701.61319;0.971186094315151;14.2
2011-11-15;717.783004;0.997175004757479;12.425
2011-11-16;719.682928;0.999889850980716;12.525
2011-11-17;723.07741;0.998786053216049;12.375
2011-11-18;721.228979;0.989358955299681;12.375
2011-11-19;642.250559;0.878925102074347;12.825
2011-11-20;583.206619;0.803490711093161;13.875
2011-11-21;708.02212;0.971186094315151;14.6
2011-11-22;732.498071;0.997175004757479;13.2
2011-11-23;728.537382;0.999889850980716;14.5
2011-11-24;729.980332;0.998786053216049;12.725
2011-11-25;725.493851;0.989358955299681;11.775
2011-11-26;647.248935;0.878925102074347;10.525
2011-11-27;603.696054;0.803490711093161;9.325
2011-11-28;742.143305;0.971186094315151;9.6
2011-11-29;758.664378;0.997175004757479;11.025
2011-11-30;759.551797;0.999889850980716;10.3
2011-12-01;756.331561;0.998786053216049;9.425
2011-12-02;753.868475;0.989358955299681;11.15
2011-12-03;674.425352;0.878925102074347;9.375
2011-12-04;618.718181;0.803490711093161;9.775
2011-12-05;710.10788;0.91164758772019;9.625
2011-12-06;650.264666;0.834464415714144;11.2
2011-12-07;711.794223;0.96795410135572;9.65
2011-12-08;638.886107;0.834464415714144;10.175
2011-12-09;703.520258;0.904063215860195;7.725
2011-12-10;672.157528;0.878925102074347;8.75
2011-12-11;637.212787;0.803490711093161;9
2011-12-12;761.819078;0.971186094315151;8.975
2011-12-13;775.488257;0.997175004757479;10
2011-12-14;767.963919;0.999889850980716;13.15
2011-12-15;768.996466;0.998786053216049;10.575
2011-12-16;771.62781;0.989358955299681;11.45
2011-12-17;685.522043;0.878925102074347;8.7
2011-12-18;648.526666;0.803490711093161;6
2011-12-19;781.956959;0.971186094315151;5.4
2011-12-20;794.921841;0.997175004757479;6.475
2011-12-21;770.065963;0.956713241819361;9.5
2011-12-22;748.088352;0.956713241819361;10.5
2011-12-23;723.539634;0.892427326562122;9.425
2011-12-24;623.410541;0.803817562575853;9.15
2011-12-25;548.739113;0.69421396287997;7.975
2011-12-26;632.985417;0.81919832081897;6.375
2011-12-27;708.91082;0.892427326562122;7.275
2011-12-28;714.151801;0.892427326562122;7.175
2011-12-29;712.641016;0.892427326562122;7.4
2011-12-30;701.809653;0.892427326562122;7.075
2011-12-31;629.916494;0.798994164786536;9
2012-01-01;555.944119;0.702247999965796;9.5
2012-01-02;684.281316;0.882244229005158;10.6
2012-01-03;737.111677;0.956713241819361;8
2012-01-04;747.756779;0.956713241819361;8.1
2012-01-05;719.720148;0.893411837406801;8.5
2012-01-06;599.871214;0.765000414211087;11.125
2012-01-07;642.601289;0.802037052883906;8.625
2012-01-08;628.654673;0.803490711093161;7.85
2012-01-09;767.295;0.971186094315151;8.225
2012-01-10;798.203204;0.997175004757479;6.825
2012-01-11;808.539829;0.999889850980716;7.3
2012-01-12;812.395864;0.998786053216049;6.775
2012-01-13;806.793128;0.989358955299681;5.85
2012-01-14;721.959156;0.878925102074347;5.275
2012-01-15;675.979777;0.803490711093161;4.6
2012-01-16;818.710981;0.971186094315151;6.075
2012-01-17;816.291761;0.997175004757479;8.4
2012-01-18;810.036987;0.999889850980716;7.25
2012-01-19;805.661873;0.998786053216049;7.6
2012-01-20;790.419914;0.989358955299681;9.475
2012-01-21;699.971893;0.878925102074347;10.475
2012-01-22;646.663924;0.803490711093161;10.025
2012-01-23;773.817986;0.971186094315151;8.25
2012-01-24;787.852909;0.997175004757479;9.425
2012-01-25;793.449706;0.999889850980716;8
2012-01-26;799.108996;0.998786053216049;6.95
2012-01-27;801.240458;0.989358955299681;7.65
2012-01-28;712.80395;0.878925102074347;7.275
2012-01-29;661.79272;0.803490711093161;6.125
2012-01-30;795.01821;0.971186094315151;5.175
2012-01-31;820.258554;0.997175004757479;5.95
2012-02-01;825.386085;0.999889850980716;4.85
2012-02-02;854.50364;0.998786053216049;2.45
2012-02-03;864.761122;0.989358955299681;1.625
2012-02-04;788.788103;0.878925102074347;1.9
2012-02-05;733.934019;0.803490711093161;3.35
2012-02-06;834.450884;0.971186094315151;7.775
2012-02-07;842.539875;0.997175004757479;6.85
2012-02-08;864.659856;0.999889850980716;2.775
2012-02-09;869.828348;0.998786053216049;3.75
2012-02-10;853.428915;0.989358955299681;4.825
2012-02-11;769.741468;0.878925102074347;3.125
2012-02-12;720.42427;0.803490711093161;1.775
2012-02-13;861.109999;0.971186094315151;3.025
2012-02-14;866.678608;0.997175004757479;5.25
2012-02-15;846.933274;0.999889850980716;6.3
2012-02-16;836.19114;0.998786053216049;7.125
2012-02-17;820.219008;0.989358955299681;7.9
2012-02-18;724.785003;0.878925102074347;6.725
2012-02-19;664.155999;0.803490711093161;7.025
2012-02-20;789.836963;0.971186094315151;7.975
2012-02-21;800.916706;0.997175004757479;5.7
2012-02-22;803.699551;0.999889850980716;7.1
2012-02-23;791.034684;0.998786053216049;8.7
2012-02-24;771.364699;0.989358955299681;10.175
2012-02-25;687.218219;0.878925102074347;9.95
2012-02-26;620.844073;0.803490711093161;13.075
2012-02-27;729.8848;0.971186094315151;11.65
2012-02-28;730.967429;0.997175004757479;11.1
2012-02-29;735.597356;0.999889850980716;11.5
2012-03-01;739.858689;0.998786053216049;11.275
2012-03-02;746.06874;0.989358955299681;9.275
2012-03-03;656.97202;0.878925102074347;11.125
2012-03-04;605.991692;0.803490711093161;11.85
2012-03-05;722.290964;0.971186094315151;11.4
2012-03-06;748.700568;0.997175004757479;8
2012-03-07;753.222425;0.999889850980716;8.9
2012-03-08;753.730693;0.998786053216049;9.6
2012-03-09;742.466892;0.989358955299681;10.65
2012-03-10;659.426752;0.878925102074347;10.375
2012-03-11;602.810943;0.803490711093161;11.575
2012-03-12;709.737855;0.971186094315151;12.775
2012-03-13;721.207522;0.997175004757479;13.3
2012-03-14;715.176903;0.999889850980716;14.25
2012-03-15;713.672459;0.998786053216049;12.55
2012-03-16;709.859572;0.989358955299681;12.2
2012-03-17;637.70405;0.878925102074347;10.725
2012-03-18;587.443153;0.803490711093161;12.5
2012-03-19;657.34686;0.904303083989475;10.125
2012-03-20;749.467171;0.989124050403125;8.75
2012-03-21;766.608748;0.999889850980716;7.475
2012-03-22;746.845629;0.998786053216049;10.625
2012-03-23;729.494774;0.989358955299681;11.05
2012-03-24;639.82543;0.878925102074347;12.675
2012-03-25;551.244069;0.803490711093161;13.325
2012-03-26;690.315092;0.971186094315151;12.8
2012-03-27;702.362446;0.997175004757479;13.15
2012-03-28;687.224885;0.999889850980716;14.45
2012-03-29;590.860843;0.826896364837519;13.85
2012-03-30;659.184537;0.930991854889985;15.225
2012-03-31;605.589748;0.878925102074347;14.075
2012-04-01;551.247343;0.803490711093161;15.375
2012-04-02;657.88784;0.983672355785803;14.75
2012-04-03;677.621131;1.01127146561137;13
2012-04-04;675.510268;1;11.7
2012-04-05;593.302083;0.871334047527749;12.375
2012-04-06;550.060429;0.800963015763219;10.7
2012-04-07;579.190051;0.83430320761131;10.125
2012-04-08;540.300221;0.781447890411771;12.6
2012-04-09;590.629763;0.873115696668883;13.65
2012-04-10;677.50919;0.997175004757479;14.275
2012-04-11;692.615952;0.999889850980716;13.175
2012-04-12;695.859449;0.998786053216049;13.125
2012-04-13;696.644246;0.989358955299681;16.2
2012-04-14;631.911686;0.878925102074347;12.375
2012-04-15;581.529319;0.803490711093161;10.975
2012-04-16;693.779006;0.971186094315151;11.925
2012-04-17;713.455164;0.997175004757479;11.275
2012-04-18;721.886489;0.999889850980716;12.85
2012-04-19;722.374458;0.998786053216049;14.525
2012-04-20;710.498129;0.989358955299681;15.1
2012-04-21;623.25915;0.878925102074347;14.975
2012-04-22;562.100933;0.803490711093161;14.575
2012-04-23;667.417251;0.971186094315151;14.15
2012-04-24;693.236065;0.997175004757479;15.05
2012-04-25;696.043698;0.999889850980716;13.9
2012-04-26;698.752464;0.998786053216049;15.7
2012-04-27;692.281784;0.989358955299681;16.025
2012-04-28;624.587551;0.878925102074347;14.15
2012-04-29;567.721433;0.803490711093161;12.675
2012-04-30;628.920844;0.91164758772019;12.95
2012-05-01;544.457385;0.834464415714144;11.95
2012-05-02;647.632594;0.96795410135572;13.675
2012-05-03;686.963471;0.998786053216049;13.85
2012-05-04;686.713837;0.989358955299681;15
2012-05-05;609.805699;0.878925102074347;15.3
2012-05-06;546.285501;0.803490711093161;15.525
2012-05-07;662.514246;0.971186094315151;14.95
2012-05-08;686.767864;0.997175004757479;18.375
2012-05-09;679.52616;0.999889850980716;18.675
2012-05-10;681.060141;0.998786053216049;20.65
2012-05-11;683.833416;0.989358955299681;22.25
2012-05-12;613.510509;0.878925102074347;23.225
2012-05-13;562.446829;0.803490711093161;22.2
2012-05-14;673.945491;0.971186094315151;21.125
2012-05-15;680.379697;0.997175004757479;21.175
2012-05-16;689.166039;0.999889850980716;18.925
2012-05-17;691.036088;0.998786053216049;20.05
2012-05-18;682.673689;0.989358955299681;20.025
2012-05-19;600.00415;0.878925102074347;18.35
2012-05-20;541.546858;0.803490711093161;16.325
2012-05-21;654.740531;0.971186094315151;14.875
2012-05-22;680.34309;0.997175004757479;18.45
2012-05-23;677.513307;0.999889850980716;20.5
2012-05-24;681.846269;0.998786053216049;21.175
2012-05-25;680.521946;0.989358955299681;22.275
2012-05-26;600.31719;0.878925102074347;20.55
2012-05-27;544.659674;0.803490711093161;20.225
2012-05-28;652.572902;0.971186094315151;22.425
2012-05-29;686.76145;0.997175004757479;22.7
2012-05-30;696.913408;0.999889850980716;23.15
2012-05-31;704.951893;0.998786053216049;24.25
2012-06-01;706.226817;0.989358955299681;24.175
2012-06-02;627.821488;0.878925102074347;23.575
2012-06-03;562.779228;0.803490711093161;23.8
2012-06-04;684.560672;0.971186094315151;21.925
2012-06-05;716.537278;0.997175004757479;23.575
2012-06-06;727.789398;0.999889850980716;24.1
2012-06-07;715.446984;0.998786053216049;23.825
2012-06-08;699.20454;0.989358955299681;21.625
2012-06-09;619.59275;0.878925102074347;21
2012-06-10;574.49266;0.803490711093161;23.525
2012-06-11;694.376351;0.971186094315151;21.75
2012-06-12;695.726845;0.997175004757479;19.5
2012-06-13;700.176818;0.999889850980716;20.275
2012-06-14;708.752531;0.998786053216049;22.4
2012-06-15;713.443526;0.989358955299681;23
2012-06-16;635.554229;0.878925102074347;23.225
2012-06-17;580.188947;0.803490711093161;23.95
2012-06-18;701.712509;0.971186094315151;23.75
2012-06-19;713.182771;0.997175004757479;23.525
2012-06-20;714.753779;0.999889850980716;24
2012-06-21;722.168477;0.998786053216049;24.5
2012-06-22;715.097219;0.989358955299681;24.15
2012-06-23;647.078593;0.878925102074347;25.25
2012-06-24;592.94826;0.803490711093161;26.35
2012-06-25;733.286038;0.971186094315151;27
2012-06-26;774.330401;0.997175004757479;28.85
2012-06-27;791.19181;0.999889850980716;28.65
2012-06-28;790.386387;0.998786053216049;28.55
2012-06-29;757.499111;0.989358955299681;26.75
2012-06-30;660.393508;0.878925102074347;24.6
2012-07-01;585.692039;0.803490711093161;23.375
2012-07-02;687.6362;0.971186094315151;21.35
2012-07-03;719.326282;0.997175004757479;24.1
2012-07-04;733.108661;0.999889850980716;24.825
2012-07-05;727.746445;0.998786053216049;23.925
2012-07-06;713.539411;0.989358955299681;23.25
2012-07-07;644.506582;0.878925102074347;23.95
2012-07-08;581.96564;0.803490711093161;24.5
2012-07-09;710.497688;0.971186094315151;24.225
2012-07-10;732.911392;0.997175004757479;24.425
2012-07-11;732.710194;0.999889850980716;24.55
2012-07-12;734.034566;0.998786053216049;24.45
2012-07-13;751.741561;0.989358955299681;26.425
2012-07-14;659.047035;0.878925102074347;25.75
2012-07-15;586.745003;0.803490711093161;24.675
2012-07-16;713.049766;0.971186094315151;25.75
2012-07-17;747.747966;0.997175004757479;26.825
2012-07-18;762.868774;0.999889850980716;27.4
2012-07-19;766.893358;0.998786053216049;28.5
2012-07-20;755.183362;0.989358955299681;26.55
2012-07-21;664.001108;0.878925102074347;26.6
2012-07-22;600.371163;0.803490711093161;26.65
2012-07-23;721.045053;0.971186094315151;25.6
2012-07-24;732.445998;0.997175004757479;26
2012-07-25;727.997465;0.999889850980716;26.875
2012-07-26;735.897076;0.998786053216049;27.025
2012-07-27;722.185363;0.989358955299681;26.5
2012-07-28;635.855076;0.878925102074347;26.225
2012-07-29;575.99677;0.803490711093161;25.85
2012-07-30;697.850238;0.971186094315151;27.3
2012-07-31;716.469418;0.997175004757479;27.05
2012-08-01;736.21816;0.999889850980716;26.625
2012-08-02;733.352388;0.998786053216049;26.775
2012-08-03;718.503329;0.989358955299681;27.225
2012-08-04;634.771899;0.878925102074347;26.55
2012-08-05;568.712564;0.803490711093161;25.1
2012-08-06;657.038281;0.971186094315151;23.65
2012-08-07;680.076971;0.997175004757479;25.55
2012-08-08;699.881167;0.999889850980716;26.5
2012-08-09;727.271769;0.998786053216049;28.85
2012-08-10;739.459315;0.989358955299681;29.5
2012-08-11;670.398155;0.878925102074347;29
2012-08-12;592.98802;0.803490711093161;26.575
2012-08-13;675.303724;0.971186094315151;26.275
2012-08-14;686.447745;0.997175004757479;26.35
2012-08-15;597.314971;0.834464415714144;26.4
2012-08-16;675.027092;0.96795410135572;27.125
2012-08-17;698.235855;0.989358955299681;28.175
2012-08-18;648.772588;0.878925102074347;28.85
2012-08-19;609.682906;0.803490711093161;30.2
2012-08-20;734.038891;0.971186094315151;30.625
2012-08-21;761.106669;0.997175004757479;29.525
2012-08-22;765.367979;0.999889850980716;29.275
2012-08-23;750.274137;0.998786053216049;28.725
2012-08-24;732.827531;0.989358955299681;26.7
2012-08-25;653.626592;0.878925102074347;27.625
2012-08-26;589.70196;0.803490711093161;25.725
2012-08-27;718.15689;0.971186094315151;27
2012-08-28;741.103467;0.997175004757479;27.1
2012-08-29;747.048612;0.999889850980716;26.45
2012-08-30;728.633731;0.998786053216049;26.775
2012-08-31;693.096254;0.989358955299681;22.1
2012-09-01;613.130924;0.878925102074347;20.6
2012-09-02;559.231533;0.803490711093161;20.225
2012-09-03;674.133484;0.971186094315151;22.7
2012-09-04;700.807282;0.997175004757479;23.775
2012-09-05;710.630675;0.999889850980716;24.8
2012-09-06;720.12178;0.998786053216049;25.675
2012-09-07;718.414113;0.989358955299681;25.325
2012-09-08;634.259665;0.878925102074347;24.675
2012-09-09;577.688372;0.803490711093161;24.725
2012-09-10;682.683449;0.953563333704678;24.725
2012-09-11;687.556975;0.943827073564979;24.225
2012-09-12;722.588425;0.984253197144856;25.275
2012-09-13;710.438915;0.998786053216049;22.075
2012-09-14;696.517118;0.989358955299681;22.45
2012-09-15;619.988087;0.878925102074347;22.95
2012-09-16;570.072792;0.803490711093161;23.325
2012-09-17;694.145968;0.971186094315151;23.525
2012-09-18;716.547781;0.997175004757479;22.95
2012-09-19;717.302058;0.999889850980716;23.525
2012-09-20;709.026008;0.998786053216049;23.5
2012-09-21;703.693384;0.989358955299681;23.025
2012-09-22;624.659038;0.878925102074347;23.125
2012-09-23;567.66299;0.803490711093161;23.175
2012-09-24;662.843019;0.971186094315151;22.375
2012-09-25;677.89181;0.997175004757479;19.725
2012-09-26;658.135351;0.999889850980716;18.775
2012-09-27;658.739147;0.998786053216049;15.725
2012-09-28;661.476675;0.989358955299681;17.825
2012-09-29;578.69186;0.878925102074347;18.675
2012-09-30;526.591554;0.803490711093161;16.65
2012-10-01;635.976879;0.971186094315151;17.525
2012-10-02;660.692684;0.997175004757479;17.45
2012-10-03;666.564693;0.999889850980716;18.225
2012-10-04;672.896964;0.998786053216049;19.375
2012-10-05;667.730933;0.989358955299681;19.725
2012-10-06;592.971484;0.878925102074347;18.65
2012-10-07;543.40436;0.803490711093161;21.525
2012-10-08;661.918635;0.971186094315151;21.6
2012-10-09;669.756748;0.997175004757479;21.725
2012-10-10;684.36194;0.999889850980716;22.25
2012-10-11;671.403392;0.998786053216049;21.425
2012-10-12;554.10439;0.834464415714144;18.1
2012-10-13;553.715235;0.834962556516401;17.575
2012-10-14;528.683759;0.803490711093161;16.1
2012-10-15;636.762294;0.971186094315151;14.525
2012-10-16;658.647321;0.997175004757479;14.5
2012-10-17;664.703604;0.999889850980716;16.9
2012-10-18;675.005104;0.998786053216049;19.175
2012-10-19;673.909103;0.989358955299681;17.65
2012-10-20;593.54431;0.878925102074347;18.25
2012-10-21;539.710791;0.803490711093161;16.225
2012-10-22;649.073681;0.971186094315151;16
2012-10-23;664.50102;0.997175004757479;17.3
2012-10-24;667.710259;0.999889850980716;16.375
2012-10-25;658.915525;0.998786053216049;17.25
2012-10-26;648.873146;0.989358955299681;16.925
2012-10-27;581.289308;0.878925102074347;16.175
2012-10-28;562.394231;0.803490711093161;9.75
2012-10-29;664.91396;0.971186094315151;8.65
2012-10-30;703.100067;0.997175004757479;8.45
2012-10-31;690.829069;0.999889850980716;11.45
2012-11-01;584.258456;0.834464415714144;12.475
2012-11-02;623.669646;0.904063215860195;14.45
2012-11-03;596.125518;0.878925102074347;14.75
2012-11-04;558.288099;0.803490711093161;14.65
2012-11-05;674.272563;0.971186094315151;12.125
2012-11-06;705.929763;0.997175004757479;11.225
2012-11-07;724.633328;0.999889850980716;9.5
2012-11-08;717.524331;0.998786053216049;11.475
2012-11-09;699.857997;0.989358955299681;14.225
2012-11-10;624.976006;0.878925102074347;13.625
2012-11-11;586.696361;0.803490711093161;11.025
2012-11-12;705.522713;0.971186094315151;11.275
2012-11-13;718.48857;0.997175004757479;11.35
2012-11-14;636.549598;0.885374290962597;15.875
2012-11-15;692.210088;0.963878617639509;14.275
2012-11-16;695.160059;0.989358955299681;14.275
2012-11-17;624.994513;0.878925102074347;13.6
2012-11-18;571.496574;0.803490711093161;14.125
2012-11-19;691.046115;0.971186094315151;12.9
2012-11-20;713.133283;0.997175004757479;11.025
2012-11-21;713.2887;0.999889850980716;12.325
2012-11-22;715.058592;0.998786053216049;12.475
2012-11-23;709.730732;0.989358955299681;11.25
2012-11-24;629.660919;0.878925102074347;12.5
2012-11-25;578.202099;0.803490711093161;13.275
2012-11-26;702.99565;0.971186094315151;13.425
2012-11-27;740.280642;0.997175004757479;8.75
2012-11-28;757.340541;0.999889850980716;7.225
2012-11-29;757.329072;0.998786053216049;9.25
2012-11-30;765.435708;0.989358955299681;7.575
